70BCSV 	
// AQ6370D OPTICAL SPECTRUM ANALYZER //                 
30
"CTRWL",1150.000000
"SPAN",1100.000000
"START WL", 600.000000
"STOP WL",1700.000000
"WLFREQ", 0
"REFL",-10.0
"LSCL",10.0
"RESLN",1.000
"AVG",   1
"SMPLAUTO",      1
"SMPL",       5501
"SMPLINTVL",0.2000
"HIGH1"
"MEAS"
"LSUNT",0
"NMSKH","OFF"
"RESCOR",0
"SMOOTH",0
"FIBERTYPE",0
"MEASWL",1
"SWPSPD",1
"NEBWCAL0",    0
"NEBWCAL1",    0
"NEBWCALWL",   0
"RESPARM",10011
"FREQPARM",10011




"[TRACE DATA]"
 600.0000, -49.672
 600.2000, -51.668
 600.4000,-210.000
 600.6000, -58.998
 600.8000,-210.000
 601.0000,-210.000
 601.2000,-210.000
 601.4000,-210.000
 601.6000, -53.546
 601.8000,-210.000
 602.0000,-210.000
 602.2000, -54.405
 602.4000,-210.000
 602.6000,-210.000
 602.8000,-210.000
 603.0000, -53.575
 603.2000,-210.000
 603.4000, -51.986
 603.6000, -52.032
 603.8000, -50.029
 604.0000, -51.165
 604.2000, -62.644
 604.4000,-210.000
 604.6000,-210.000
 604.8000,-210.000
 605.0000,-210.000
 605.2000, -50.482
 605.4000, -62.074
 605.6000, -54.356
 605.8000, -49.806
 606.0000, -57.718
 606.2000,-210.000
 606.4000, -52.533
 606.6000,-210.000
 606.8000, -52.122
 607.0000, -54.166
 607.2000, -64.274
 607.4000, -54.770
 607.6000, -52.838
 607.8000, -65.334
 608.0000, -51.397
 608.2000,-210.000
 608.4000,-210.000
 608.6000,-210.000
 608.8000, -51.722
 609.0000,-210.000
 609.2000, -52.289
 609.4000,-210.000
 609.6000, -52.550
 609.8000,-210.000
 610.0000,-210.000
 610.2000, -52.846
 610.4000, -51.477
 610.6000, -51.576
 610.8000, -56.702
 611.0000, -56.733
 611.2000, -56.090
 611.4000,-210.000
 611.6000,-210.000
 611.8000, -60.077
 612.0000,-210.000
 612.2000,-210.000
 612.4000, -53.780
 612.6000, -53.486
 612.8000, -50.707
 613.0000, -62.532
 613.2000, -53.242
 613.4000,-210.000
 613.6000,-210.000
 613.8000,-210.000
 614.0000,-210.000
 614.2000,-210.000
 614.4000, -54.970
 614.6000, -57.697
 614.8000, -52.310
 615.0000, -60.685
 615.2000, -53.390
 615.4000, -54.524
 615.6000,-210.000
 615.8000, -61.865
 616.0000, -69.771
 616.2000, -56.867
 616.4000, -53.656
 616.6000,-210.000
 616.8000,-210.000
 617.0000,-210.000
 617.2000, -52.987
 617.4000,-210.000
 617.6000,-210.000
 617.8000, -57.928
 618.0000, -55.169
 618.2000,-210.000
 618.4000, -54.188
 618.6000,-210.000
 618.8000,-210.000
 619.0000, -67.046
 619.2000,-210.000
 619.4000, -50.458
 619.6000, -64.955
 619.8000, -62.119
 620.0000,-210.000
 620.2000, -56.284
 620.4000,-210.000
 620.6000, -57.099
 620.8000,-210.000
 621.0000, -52.987
 621.2000, -52.937
 621.4000, -56.694
 621.6000,-210.000
 621.8000, -63.508
 622.0000,-210.000
 622.2000, -62.844
 622.4000, -53.598
 622.6000, -55.503
 622.8000, -54.859
 623.0000,-210.000
 623.2000, -67.232
 623.4000, -57.584
 623.6000,-210.000
 623.8000,-210.000
 624.0000, -54.664
 624.2000, -56.276
 624.4000, -57.714
 624.6000,-210.000
 624.8000,-210.000
 625.0000,-210.000
 625.2000, -57.674
 625.4000, -55.982
 625.6000, -60.096
 625.8000, -61.017
 626.0000,-210.000
 626.2000,-210.000
 626.4000,-210.000
 626.6000, -57.131
 626.8000,-210.000
 627.0000,-210.000
 627.2000, -61.542
 627.4000, -61.425
 627.6000, -56.953
 627.8000,-210.000
 628.0000,-210.000
 628.2000,-210.000
 628.4000, -60.230
 628.6000, -62.032
 628.8000, -55.419
 629.0000, -56.079
 629.2000,-210.000
 629.4000, -62.870
 629.6000, -70.149
 629.8000,-210.000
 630.0000,-210.000
 630.2000, -57.032
 630.4000,-210.000
 630.6000,-210.000
 630.8000,-210.000
 631.0000,-210.000
 631.2000,-210.000
 631.4000, -53.256
 631.6000,-210.000
 631.8000,-210.000
 632.0000,-210.000
 632.2000, -60.730
 632.4000, -60.107
 632.6000, -62.069
 632.8000, -54.435
 633.0000, -57.647
 633.2000, -56.786
 633.4000, -60.913
 633.6000, -53.764
 633.8000,-210.000
 634.0000, -56.088
 634.2000, -59.542
 634.4000,-210.000
 634.6000, -58.499
 634.8000,-210.000
 635.0000, -58.502
 635.2000,-210.000
 635.4000, -58.943
 635.6000,-210.000
 635.8000,-210.000
 636.0000, -55.412
 636.2000, -58.103
 636.4000, -65.627
 636.6000, -58.936
 636.8000, -67.272
 637.0000,-210.000
 637.2000,-210.000
 637.4000,-210.000
 637.6000,-210.000
 637.8000,-210.000
 638.0000,-210.000
 638.2000, -66.801
 638.4000, -56.228
 638.6000,-210.000
 638.8000, -75.818
 639.0000,-210.000
 639.2000,-210.000
 639.4000, -57.261
 639.6000,-210.000
 639.8000,-210.000
 640.0000,-210.000
 640.2000,-210.000
 640.4000,-210.000
 640.6000, -67.976
 640.8000, -56.464
 641.0000,-210.000
 641.2000,-210.000
 641.4000,-210.000
 641.6000, -58.215
 641.8000,-210.000
 642.0000,-210.000
 642.2000,-210.000
 642.4000, -56.625
 642.6000,-210.000
 642.8000,-210.000
 643.0000,-210.000
 643.2000,-210.000
 643.4000,-210.000
 643.6000, -55.251
 643.8000,-210.000
 644.0000,-210.000
 644.2000, -61.881
 644.4000, -59.389
 644.6000,-210.000
 644.8000, -81.009
 645.0000, -69.732
 645.2000, -58.828
 645.4000,-210.000
 645.6000, -57.611
 645.8000, -59.097
 646.0000,-210.000
 646.2000,-210.000
 646.4000, -65.217
 646.6000,-210.000
 646.8000, -59.467
 647.0000,-210.000
 647.2000, -60.029
 647.4000, -60.709
 647.6000,-210.000
 647.8000, -72.252
 648.0000,-210.000
 648.2000, -56.867
 648.4000, -58.594
 648.6000,-210.000
 648.8000,-210.000
 649.0000, -65.329
 649.2000,-210.000
 649.4000,-210.000
 649.6000, -65.027
 649.8000,-210.000
 650.0000,-210.000
 650.2000,-210.000
 650.4000, -60.399
 650.6000, -55.373
 650.8000,-210.000
 651.0000, -58.886
 651.2000, -63.052
 651.4000, -59.281
 651.6000, -63.391
 651.8000, -66.932
 652.0000, -58.955
 652.2000, -65.995
 652.4000, -59.073
 652.6000, -59.469
 652.8000, -60.712
 653.0000, -63.115
 653.2000, -63.402
 653.4000,-210.000
 653.6000, -59.590
 653.8000, -57.122
 654.0000, -62.506
 654.2000, -60.837
 654.4000, -64.571
 654.6000,-210.000
 654.8000,-210.000
 655.0000,-210.000
 655.2000, -57.190
 655.4000, -61.805
 655.6000, -64.552
 655.8000,-210.000
 656.0000,-210.000
 656.2000,-210.000
 656.4000, -65.249
 656.6000, -80.015
 656.8000,-210.000
 657.0000, -64.011
 657.2000, -65.998
 657.4000, -60.854
 657.6000, -61.833
 657.8000,-210.000
 658.0000, -64.215
 658.2000,-210.000
 658.4000,-210.000
 658.6000,-210.000
 658.8000, -62.678
 659.0000,-210.000
 659.2000,-210.000
 659.4000, -59.467
 659.6000,-210.000
 659.8000, -78.282
 660.0000,-210.000
 660.2000, -65.263
 660.4000, -70.786
 660.6000,-210.000
 660.8000,-210.000
 661.0000,-210.000
 661.2000, -69.833
 661.4000, -61.762
 661.6000, -60.107
 661.8000,-210.000
 662.0000,-210.000
 662.2000, -64.310
 662.4000,-210.000
 662.6000, -61.408
 662.8000,-210.000
 663.0000,-210.000
 663.2000, -63.748
 663.4000,-210.000
 663.6000,-210.000
 663.8000,-210.000
 664.0000, -65.763
 664.2000, -60.825
 664.4000, -56.406
 664.6000,-210.000
 664.8000, -62.616
 665.0000, -60.072
 665.2000,-210.000
 665.4000,-210.000
 665.6000,-210.000
 665.8000,-210.000
 666.0000, -64.534
 666.2000,-210.000
 666.4000,-210.000
 666.6000, -64.321
 666.8000, -66.946
 667.0000, -62.860
 667.2000, -63.639
 667.4000,-210.000
 667.6000,-210.000
 667.8000,-210.000
 668.0000, -60.681
 668.2000,-210.000
 668.4000,-210.000
 668.6000,-210.000
 668.8000,-210.000
 669.0000,-210.000
 669.2000, -65.494
 669.4000,-210.000
 669.6000, -74.800
 669.8000,-210.000
 670.0000, -67.162
 670.2000,-210.000
 670.4000, -69.977
 670.6000,-210.000
 670.8000,-210.000
 671.0000, -59.340
 671.2000,-210.000
 671.4000,-210.000
 671.6000, -61.738
 671.8000,-210.000
 672.0000,-210.000
 672.2000, -62.636
 672.4000,-210.000
 672.6000, -62.282
 672.8000, -64.293
 673.0000,-210.000
 673.2000, -69.100
 673.4000,-210.000
 673.6000, -65.298
 673.8000, -73.328
 674.0000,-210.000
 674.2000,-210.000
 674.4000,-210.000
 674.6000,-210.000
 674.8000,-210.000
 675.0000,-210.000
 675.2000, -62.643
 675.4000, -65.679
 675.6000,-210.000
 675.8000, -63.951
 676.0000,-210.000
 676.2000, -60.863
 676.4000,-210.000
 676.6000, -66.346
 676.8000,-210.000
 677.0000, -63.131
 677.2000, -68.857
 677.4000,-210.000
 677.6000,-210.000
 677.8000,-210.000
 678.0000,-210.000
 678.2000, -62.141
 678.4000,-210.000
 678.6000,-210.000
 678.8000,-210.000
 679.0000, -69.548
 679.2000,-210.000
 679.4000,-210.000
 679.6000,-210.000
 679.8000,-210.000
 680.0000, -62.940
 680.2000,-210.000
 680.4000,-210.000
 680.6000, -70.487
 680.8000, -65.355
 681.0000,-210.000
 681.2000, -65.471
 681.4000, -67.837
 681.6000,-210.000
 681.8000,-210.000
 682.0000,-210.000
 682.2000,-210.000
 682.4000,-210.000
 682.6000, -71.732
 682.8000,-210.000
 683.0000, -71.938
 683.2000, -64.762
 683.4000, -70.724
 683.6000,-210.000
 683.8000,-210.000
 684.0000, -68.918
 684.2000,-210.000
 684.4000, -67.152
 684.6000,-210.000
 684.8000,-210.000
 685.0000,-210.000
 685.2000, -65.867
 685.4000,-210.000
 685.6000, -67.320
 685.8000, -65.811
 686.0000, -67.776
 686.2000,-210.000
 686.4000,-210.000
 686.6000, -63.435
 686.8000,-210.000
 687.0000,-210.000
 687.2000,-210.000
 687.4000, -86.396
 687.6000,-210.000
 687.8000,-210.000
 688.0000, -63.871
 688.2000,-210.000
 688.4000,-210.000
 688.6000, -72.181
 688.8000,-210.000
 689.0000,-210.000
 689.2000,-210.000
 689.4000,-210.000
 689.6000,-210.000
 689.8000, -63.860
 690.0000, -66.341
 690.2000,-210.000
 690.4000, -63.191
 690.6000,-210.000
 690.8000, -63.341
 691.0000, -67.870
 691.2000,-210.000
 691.4000, -64.197
 691.6000, -64.335
 691.8000,-210.000
 692.0000,-210.000
 692.2000, -70.370
 692.4000,-210.000
 692.6000, -68.312
 692.8000, -62.034
 693.0000,-210.000
 693.2000,-210.000
 693.4000, -67.468
 693.6000,-210.000
 693.8000,-210.000
 694.0000, -61.141
 694.2000,-210.000
 694.4000, -67.910
 694.6000, -67.584
 694.8000, -66.943
 695.0000, -63.817
 695.2000,-210.000
 695.4000,-210.000
 695.6000,-210.000
 695.8000,-210.000
 696.0000,-210.000
 696.2000, -63.160
 696.4000, -68.848
 696.6000, -71.299
 696.8000,-210.000
 697.0000,-210.000
 697.2000, -65.269
 697.4000,-210.000
 697.6000, -63.388
 697.8000,-210.000
 698.0000,-210.000
 698.2000,-210.000
 698.4000, -64.221
 698.6000,-210.000
 698.8000, -74.446
 699.0000, -73.940
 699.2000, -61.005
 699.4000,-210.000
 699.6000,-210.000
 699.8000,-210.000
 700.0000,-210.000
 700.2000, -67.392
 700.4000,-210.000
 700.6000,-210.000
 700.8000,-210.000
 701.0000, -69.657
 701.2000, -75.080
 701.4000, -66.425
 701.6000, -70.198
 701.8000,-210.000
 702.0000, -64.186
 702.2000, -65.132
 702.4000,-210.000
 702.6000, -71.431
 702.8000, -66.278
 703.0000,-210.000
 703.2000,-210.000
 703.4000, -71.596
 703.6000, -77.774
 703.8000, -66.834
 704.0000,-210.000
 704.2000,-210.000
 704.4000,-210.000
 704.6000, -77.796
 704.8000,-210.000
 705.0000,-210.000
 705.2000,-210.000
 705.4000, -76.867
 705.6000, -64.653
 705.8000, -72.100
 706.0000,-210.000
 706.2000, -86.795
 706.4000,-210.000
 706.6000,-210.000
 706.8000, -73.647
 707.0000,-210.000
 707.2000, -71.294
 707.4000,-210.000
 707.6000, -63.889
 707.8000,-210.000
 708.0000, -67.746
 708.2000, -65.402
 708.4000,-210.000
 708.6000, -99.139
 708.8000,-210.000
 709.0000, -65.890
 709.2000, -63.428
 709.4000,-210.000
 709.6000, -66.297
 709.8000,-210.000
 710.0000,-210.000
 710.2000,-210.000
 710.4000, -69.353
 710.6000, -65.195
 710.8000,-210.000
 711.0000,-210.000
 711.2000, -70.190
 711.4000,-210.000
 711.6000, -80.125
 711.8000,-210.000
 712.0000, -81.207
 712.2000, -74.438
 712.4000,-210.000
 712.6000,-210.000
 712.8000,-210.000
 713.0000,-210.000
 713.2000,-210.000
 713.4000,-210.000
 713.6000,-210.000
 713.8000, -65.408
 714.0000, -70.581
 714.2000,-210.000
 714.4000,-210.000
 714.6000,-210.000
 714.8000, -68.687
 715.0000, -67.144
 715.2000, -65.949
 715.4000,-210.000
 715.6000,-210.000
 715.8000,-210.000
 716.0000, -69.284
 716.2000,-210.000
 716.4000,-210.000
 716.6000, -66.199
 716.8000,-210.000
 717.0000,-210.000
 717.2000, -69.269
 717.4000,-210.000
 717.6000,-210.000
 717.8000,-210.000
 718.0000,-210.000
 718.2000, -67.499
 718.4000, -73.139
 718.6000, -66.976
 718.8000,-210.000
 719.0000,-210.000
 719.2000,-210.000
 719.4000,-210.000
 719.6000,-210.000
 719.8000, -66.175
 720.0000, -63.781
 720.2000,-210.000
 720.4000,-210.000
 720.6000,-210.000
 720.8000,-210.000
 721.0000, -66.372
 721.2000, -70.300
 721.4000, -67.208
 721.6000, -68.594
 721.8000,-210.000
 722.0000,-210.000
 722.2000,-210.000
 722.4000,-210.000
 722.6000, -73.768
 722.8000,-210.000
 723.0000, -82.475
 723.2000, -64.911
 723.4000, -69.693
 723.6000, -62.991
 723.8000,-210.000
 724.0000,-210.000
 724.2000,-210.000
 724.4000,-210.000
 724.6000, -67.091
 724.8000,-210.000
 725.0000, -69.929
 725.2000,-210.000
 725.4000, -69.606
 725.6000,-210.000
 725.8000, -65.571
 726.0000,-210.000
 726.2000, -64.698
 726.4000,-210.000
 726.6000,-210.000
 726.8000, -79.479
 727.0000,-210.000
 727.2000, -66.437
 727.4000, -65.662
 727.6000, -71.550
 727.8000,-210.000
 728.0000,-210.000
 728.2000,-210.000
 728.4000,-210.000
 728.6000,-210.000
 728.8000,-210.000
 729.0000, -77.693
 729.2000,-210.000
 729.4000,-210.000
 729.6000,-210.000
 729.8000,-210.000
 730.0000,-210.000
 730.2000,-210.000
 730.4000,-210.000
 730.6000, -74.209
 730.8000,-210.000
 731.0000, -67.144
 731.2000, -68.339
 731.4000,-210.000
 731.6000,-210.000
 731.8000, -67.615
 732.0000, -78.528
 732.2000, -73.477
 732.4000,-210.000
 732.6000, -69.523
 732.8000, -65.801
 733.0000,-210.000
 733.2000,-210.000
 733.4000, -68.518
 733.6000, -71.439
 733.8000, -70.659
 734.0000, -69.999
 734.2000, -74.076
 734.4000, -79.403
 734.6000,-210.000
 734.8000,-210.000
 735.0000,-210.000
 735.2000, -64.992
 735.4000, -68.245
 735.6000, -68.542
 735.8000,-210.000
 736.0000, -68.835
 736.2000,-210.000
 736.4000,-210.000
 736.6000,-210.000
 736.8000,-210.000
 737.0000, -78.022
 737.2000,-210.000
 737.4000,-210.000
 737.6000,-210.000
 737.8000,-210.000
 738.0000, -68.570
 738.2000, -71.035
 738.4000, -75.254
 738.6000,-210.000
 738.8000, -66.386
 739.0000,-210.000
 739.2000, -70.252
 739.4000, -71.102
 739.6000,-210.000
 739.8000,-210.000
 740.0000,-210.000
 740.2000, -70.846
 740.4000,-210.000
 740.6000, -63.687
 740.8000,-210.000
 741.0000,-210.000
 741.2000, -72.779
 741.4000,-210.000
 741.6000,-210.000
 741.8000,-210.000
 742.0000, -68.079
 742.2000, -66.868
 742.4000, -68.813
 742.6000,-210.000
 742.8000, -74.701
 743.0000, -69.965
 743.2000, -72.034
 743.4000, -70.477
 743.6000, -74.225
 743.8000, -67.163
 744.0000, -69.319
 744.2000,-210.000
 744.4000,-210.000
 744.6000, -68.167
 744.8000, -71.565
 745.0000,-210.000
 745.2000, -66.987
 745.4000, -78.953
 745.6000,-210.000
 745.8000,-210.000
 746.0000,-210.000
 746.2000, -69.812
 746.4000,-210.000
 746.6000,-210.000
 746.8000, -70.686
 747.0000,-210.000
 747.2000, -70.228
 747.4000, -72.015
 747.6000, -90.512
 747.8000,-210.000
 748.0000, -75.577
 748.2000,-210.000
 748.4000,-210.000
 748.6000,-210.000
 748.8000, -71.257
 749.0000,-210.000
 749.2000, -68.586
 749.4000,-210.000
 749.6000, -69.331
 749.8000, -77.845
 750.0000, -66.524
 750.2000, -71.177
 750.4000,-210.000
 750.6000,-210.000
 750.8000, -77.569
 751.0000, -76.787
 751.2000,-210.000
 751.4000, -71.506
 751.6000, -74.225
 751.8000, -74.297
 752.0000,-210.000
 752.2000, -69.848
 752.4000,-210.000
 752.6000,-210.000
 752.8000,-210.000
 753.0000,-210.000
 753.2000, -72.590
 753.4000, -67.115
 753.6000,-210.000
 753.8000,-210.000
 754.0000,-210.000
 754.2000,-210.000
 754.4000, -74.797
 754.6000,-210.000
 754.8000,-210.000
 755.0000, -71.054
 755.2000, -68.588
 755.4000, -70.706
 755.6000, -70.265
 755.8000, -69.107
 756.0000,-210.000
 756.2000,-210.000
 756.4000,-210.000
 756.6000, -78.302
 756.8000,-210.000
 757.0000,-210.000
 757.2000,-210.000
 757.4000, -67.296
 757.6000, -69.647
 757.8000, -76.767
 758.0000,-210.000
 758.2000,-210.000
 758.4000, -81.418
 758.6000,-210.000
 758.8000, -68.969
 759.0000,-210.000
 759.2000, -69.663
 759.4000, -70.014
 759.6000,-210.000
 759.8000,-210.000
 760.0000, -83.497
 760.2000,-210.000
 760.4000, -71.095
 760.6000, -70.638
 760.8000,-210.000
 761.0000,-210.000
 761.2000,-210.000
 761.4000,-210.000
 761.6000, -74.030
 761.8000, -68.249
 762.0000,-210.000
 762.2000, -70.413
 762.4000, -80.702
 762.6000, -73.178
 762.8000,-210.000
 763.0000, -72.627
 763.2000, -75.092
 763.4000,-210.000
 763.6000,-210.000
 763.8000,-210.000
 764.0000, -74.325
 764.2000,-210.000
 764.4000, -76.983
 764.6000, -74.704
 764.8000,-210.000
 765.0000, -80.071
 765.2000, -75.458
 765.4000, -72.968
 765.6000, -83.449
 765.8000,-210.000
 766.0000,-210.000
 766.2000,-210.000
 766.4000, -79.317
 766.6000, -69.925
 766.8000,-210.000
 767.0000, -67.174
 767.2000, -72.250
 767.4000,-210.000
 767.6000,-210.000
 767.8000,-210.000
 768.0000,-210.000
 768.2000,-210.000
 768.4000, -85.071
 768.6000, -71.939
 768.8000,-210.000
 769.0000,-210.000
 769.2000, -77.314
 769.4000, -69.360
 769.6000, -66.275
 769.8000, -72.742
 770.0000,-210.000
 770.2000,-210.000
 770.4000,-210.000
 770.6000,-210.000
 770.8000,-210.000
 771.0000, -76.873
 771.2000,-210.000
 771.4000, -78.179
 771.6000, -86.164
 771.8000,-210.000
 772.0000, -79.127
 772.2000,-210.000
 772.4000, -72.250
 772.6000,-210.000
 772.8000,-210.000
 773.0000, -70.003
 773.2000,-210.000
 773.4000,-210.000
 773.6000, -69.658
 773.8000,-210.000
 774.0000,-210.000
 774.2000,-210.000
 774.4000,-210.000
 774.6000,-210.000
 774.8000,-210.000
 775.0000,-210.000
 775.2000, -71.551
 775.4000,-210.000
 775.6000,-210.000
 775.8000,-210.000
 776.0000,-210.000
 776.2000, -69.285
 776.4000, -70.053
 776.6000, -72.813
 776.8000,-210.000
 777.0000,-210.000
 777.2000, -72.497
 777.4000, -71.192
 777.6000,-210.000
 777.8000,-210.000
 778.0000,-210.000
 778.2000,-210.000
 778.4000,-210.000
 778.6000,-210.000
 778.8000, -75.204
 779.0000,-210.000
 779.2000,-210.000
 779.4000,-210.000
 779.6000,-210.000
 779.8000, -76.723
 780.0000,-210.000
 780.2000, -75.530
 780.4000,-210.000
 780.6000,-210.000
 780.8000,-210.000
 781.0000,-210.000
 781.2000,-210.000
 781.4000, -83.380
 781.6000,-210.000
 781.8000,-210.000
 782.0000,-104.230
 782.2000, -71.945
 782.4000, -73.964
 782.6000, -71.096
 782.8000,-210.000
 783.0000, -77.990
 783.2000,-210.000
 783.4000,-210.000
 783.6000,-210.000
 783.8000, -73.116
 784.0000, -77.694
 784.2000,-210.000
 784.4000, -71.660
 784.6000, -73.057
 784.8000, -80.057
 785.0000, -79.577
 785.2000,-210.000
 785.4000, -77.005
 785.6000,-210.000
 785.8000, -92.115
 786.0000,-210.000
 786.2000,-210.000
 786.4000, -72.789
 786.6000,-210.000
 786.8000,-210.000
 787.0000, -75.565
 787.2000, -76.524
 787.4000, -86.671
 787.6000, -82.072
 787.8000,-210.000
 788.0000, -84.798
 788.2000, -84.425
 788.4000, -71.996
 788.6000,-210.000
 788.8000,-210.000
 789.0000,-210.000
 789.2000,-210.000
 789.4000, -72.394
 789.6000, -73.523
 789.8000, -76.045
 790.0000, -72.262
 790.2000,-210.000
 790.4000,-210.000
 790.6000,-210.000
 790.8000,-210.000
 791.0000,-210.000
 791.2000, -71.252
 791.4000, -75.916
 791.6000,-210.000
 791.8000, -74.023
 792.0000, -71.845
 792.2000,-210.000
 792.4000,-210.000
 792.6000, -73.145
 792.8000,-210.000
 793.0000,-210.000
 793.2000,-210.000
 793.4000,-210.000
 793.6000, -80.204
 793.8000, -75.534
 794.0000,-210.000
 794.2000, -83.394
 794.4000, -71.066
 794.6000, -90.747
 794.8000, -72.562
 795.0000,-210.000
 795.2000,-210.000
 795.4000, -78.385
 795.6000, -83.387
 795.8000,-210.000
 796.0000, -72.418
 796.2000, -89.298
 796.4000,-210.000
 796.6000, -80.831
 796.8000, -71.083
 797.0000,-210.000
 797.2000, -74.411
 797.4000, -75.400
 797.6000,-210.000
 797.8000, -73.031
 798.0000, -75.041
 798.2000, -77.445
 798.4000,-210.000
 798.6000,-210.000
 798.8000,-210.000
 799.0000,-210.000
 799.2000,-210.000
 799.4000,-210.000
 799.6000,-210.000
 799.8000, -77.596
 800.0000, -72.158
 800.2000, -86.862
 800.4000, -84.562
 800.6000, -74.490
 800.8000,-210.000
 801.0000, -73.439
 801.2000, -70.914
 801.4000, -77.342
 801.6000, -80.805
 801.8000,-210.000
 802.0000,-210.000
 802.2000,-210.000
 802.4000,-210.000
 802.6000,-210.000
 802.8000, -83.445
 803.0000,-210.000
 803.2000,-210.000
 803.4000, -86.363
 803.6000, -72.028
 803.8000, -73.645
 804.0000, -74.878
 804.2000, -74.291
 804.4000, -72.940
 804.6000, -75.486
 804.8000, -78.228
 805.0000,-210.000
 805.2000,-210.000
 805.4000, -73.318
 805.6000, -78.333
 805.8000, -86.743
 806.0000,-210.000
 806.2000,-210.000
 806.4000,-210.000
 806.6000,-210.000
 806.8000,-210.000
 807.0000, -71.723
 807.2000, -78.451
 807.4000,-210.000
 807.6000, -77.352
 807.8000,-210.000
 808.0000,-210.000
 808.2000,-210.000
 808.4000, -73.619
 808.6000,-210.000
 808.8000, -73.290
 809.0000, -77.403
 809.2000,-210.000
 809.4000, -80.420
 809.6000,-210.000
 809.8000,-210.000
 810.0000, -75.572
 810.2000, -73.110
 810.4000,-210.000
 810.6000,-210.000
 810.8000, -72.051
 811.0000, -77.321
 811.2000, -74.096
 811.4000,-210.000
 811.6000,-210.000
 811.8000, -72.343
 812.0000, -80.914
 812.2000, -72.516
 812.4000,-210.000
 812.6000,-210.000
 812.8000,-210.000
 813.0000,-210.000
 813.2000, -76.040
 813.4000,-210.000
 813.6000, -72.542
 813.8000, -88.921
 814.0000, -72.945
 814.2000,-210.000
 814.4000,-210.000
 814.6000, -80.834
 814.8000, -74.464
 815.0000, -75.127
 815.2000, -76.133
 815.4000, -69.629
 815.6000, -71.702
 815.8000,-210.000
 816.0000, -73.544
 816.2000, -77.234
 816.4000, -75.485
 816.6000,-210.000
 816.8000, -80.513
 817.0000, -74.505
 817.2000,-210.000
 817.4000,-210.000
 817.6000,-210.000
 817.8000,-210.000
 818.0000, -73.816
 818.2000, -76.909
 818.4000, -81.879
 818.6000,-210.000
 818.8000, -71.127
 819.0000, -74.331
 819.2000,-210.000
 819.4000,-210.000
 819.6000,-210.000
 819.8000, -80.858
 820.0000, -76.204
 820.2000,-210.000
 820.4000,-210.000
 820.6000,-210.000
 820.8000, -84.517
 821.0000, -76.125
 821.2000, -75.522
 821.4000, -84.416
 821.6000, -91.966
 821.8000,-210.000
 822.0000, -73.313
 822.2000, -75.443
 822.4000, -75.683
 822.6000, -73.603
 822.8000, -69.511
 823.0000, -70.225
 823.2000,-210.000
 823.4000, -76.496
 823.6000, -74.403
 823.8000,-210.000
 824.0000, -73.158
 824.2000,-210.000
 824.4000, -72.282
 824.6000, -72.844
 824.8000,-210.000
 825.0000, -75.184
 825.2000, -78.587
 825.4000,-210.000
 825.6000, -77.162
 825.8000, -74.728
 826.0000, -69.553
 826.2000, -76.892
 826.4000,-210.000
 826.6000, -71.660
 826.8000,-210.000
 827.0000, -82.388
 827.2000,-210.000
 827.4000, -72.709
 827.6000, -75.644
 827.8000, -74.623
 828.0000, -74.052
 828.2000,-210.000
 828.4000, -89.113
 828.6000, -77.141
 828.8000, -72.728
 829.0000, -76.637
 829.2000, -76.858
 829.4000, -76.248
 829.6000, -74.463
 829.8000, -71.072
 830.0000, -75.778
 830.2000,-210.000
 830.4000,-210.000
 830.6000,-210.000
 830.8000, -88.241
 831.0000,-210.000
 831.2000, -78.168
 831.4000,-210.000
 831.6000,-210.000
 831.8000, -91.200
 832.0000, -74.295
 832.2000, -77.859
 832.4000,-210.000
 832.6000,-210.000
 832.8000, -69.815
 833.0000, -75.299
 833.2000, -74.550
 833.4000,-210.000
 833.6000,-210.000
 833.8000, -81.298
 834.0000, -72.904
 834.2000, -72.596
 834.4000, -74.835
 834.6000, -71.931
 834.8000, -88.723
 835.0000,-210.000
 835.2000,-210.000
 835.4000,-210.000
 835.6000,-210.000
 835.8000, -73.279
 836.0000,-210.000
 836.2000,-210.000
 836.4000,-210.000
 836.6000,-210.000
 836.8000,-210.000
 837.0000,-210.000
 837.2000,-210.000
 837.4000, -81.903
 837.6000,-210.000
 837.8000,-210.000
 838.0000,-210.000
 838.2000, -72.820
 838.4000,-210.000
 838.6000,-210.000
 838.8000,-210.000
 839.0000,-210.000
 839.2000,-210.000
 839.4000, -76.331
 839.6000, -74.057
 839.8000, -72.542
 840.0000, -78.624
 840.2000, -71.502
 840.4000, -81.301
 840.6000, -72.369
 840.8000,-210.000
 841.0000,-210.000
 841.2000, -77.824
 841.4000, -80.823
 841.6000,-210.000
 841.8000,-210.000
 842.0000, -75.120
 842.2000, -79.898
 842.4000, -78.364
 842.6000,-210.000
 842.8000, -91.789
 843.0000,-210.000
 843.2000, -72.418
 843.4000,-210.000
 843.6000, -85.867
 843.8000,-210.000
 844.0000,-210.000
 844.2000,-210.000
 844.4000, -79.705
 844.6000,-210.000
 844.8000,-210.000
 845.0000,-210.000
 845.2000, -75.032
 845.4000, -73.761
 845.6000, -70.851
 845.8000,-210.000
 846.0000,-210.000
 846.2000,-210.000
 846.4000,-210.000
 846.6000,-210.000
 846.8000,-210.000
 847.0000, -91.847
 847.2000,-210.000
 847.4000, -72.483
 847.6000, -73.997
 847.8000,-210.000
 848.0000,-210.000
 848.2000, -72.268
 848.4000,-210.000
 848.6000, -76.893
 848.8000,-210.000
 849.0000,-210.000
 849.2000, -76.797
 849.4000,-210.000
 849.6000,-210.000
 849.8000, -75.384
 850.0000,-210.000
 850.2000, -87.953
 850.4000, -77.667
 850.6000,-210.000
 850.8000,-210.000
 851.0000,-210.000
 851.2000, -75.578
 851.4000,-210.000
 851.6000,-210.000
 851.8000,-210.000
 852.0000, -76.762
 852.2000,-210.000
 852.4000, -90.486
 852.6000, -80.823
 852.8000, -76.779
 853.0000,-210.000
 853.2000,-210.000
 853.4000, -84.428
 853.6000, -80.146
 853.8000, -72.358
 854.0000,-210.000
 854.2000,-210.000
 854.4000, -79.220
 854.6000, -72.741
 854.8000, -70.538
 855.0000, -72.041
 855.2000, -74.482
 855.4000,-210.000
 855.6000,-210.000
 855.8000,-210.000
 856.0000,-210.000
 856.2000,-210.000
 856.4000, -71.803
 856.6000, -72.402
 856.8000, -79.085
 857.0000, -80.400
 857.2000, -72.464
 857.4000, -78.670
 857.6000, -87.516
 857.8000, -75.016
 858.0000, -80.414
 858.2000,-210.000
 858.4000, -73.418
 858.6000,-210.000
 858.8000, -78.220
 859.0000, -72.645
 859.2000,-210.000
 859.4000, -73.310
 859.6000, -76.172
 859.8000,-210.000
 860.0000,-210.000
 860.2000,-210.000
 860.4000, -82.684
 860.6000, -87.164
 860.8000, -73.500
 861.0000, -79.476
 861.2000,-210.000
 861.4000,-210.000
 861.6000,-210.000
 861.8000, -75.472
 862.0000,-210.000
 862.2000,-210.000
 862.4000,-210.000
 862.6000, -89.981
 862.8000, -76.315
 863.0000,-210.000
 863.2000, -84.633
 863.4000,-210.000
 863.6000, -85.977
 863.8000, -73.407
 864.0000,-210.000
 864.2000, -82.154
 864.4000,-210.000
 864.6000, -73.088
 864.8000, -73.077
 865.0000, -82.145
 865.2000, -77.924
 865.4000,-210.000
 865.6000, -73.439
 865.8000, -72.944
 866.0000,-210.000
 866.2000,-210.000
 866.4000, -76.194
 866.6000, -80.693
 866.8000, -74.494
 867.0000, -72.940
 867.2000,-210.000
 867.4000,-210.000
 867.6000, -85.214
 867.8000, -76.894
 868.0000, -74.836
 868.2000, -75.704
 868.4000, -74.944
 868.6000,-210.000
 868.8000,-210.000
 869.0000, -76.319
 869.2000, -77.583
 869.4000,-210.000
 869.6000, -78.418
 869.8000, -76.388
 870.0000, -76.208
 870.2000, -74.548
 870.4000,-210.000
 870.6000, -77.172
 870.8000, -73.004
 871.0000, -80.213
 871.2000,-210.000
 871.4000, -79.349
 871.6000,-210.000
 871.8000,-210.000
 872.0000, -71.938
 872.2000, -76.129
 872.4000, -74.830
 872.6000,-210.000
 872.8000, -79.431
 873.0000, -73.500
 873.2000, -76.384
 873.4000, -84.430
 873.6000,-210.000
 873.8000,-210.000
 874.0000,-210.000
 874.2000,-210.000
 874.4000,-210.000
 874.6000,-210.000
 874.8000, -77.551
 875.0000, -79.594
 875.2000,-210.000
 875.4000, -80.372
 875.6000,-210.000
 875.8000, -75.467
 876.0000, -73.348
 876.2000,-210.000
 876.4000,-210.000
 876.6000,-210.000
 876.8000,-210.000
 877.0000,-210.000
 877.2000,-210.000
 877.4000,-210.000
 877.6000,-210.000
 877.8000, -81.231
 878.0000, -75.780
 878.2000,-210.000
 878.4000, -74.612
 878.6000, -77.227
 878.8000, -74.264
 879.0000, -73.643
 879.2000, -80.200
 879.4000, -73.468
 879.6000,-210.000
 879.8000, -70.852
 880.0000, -82.458
 880.2000,-210.000
 880.4000, -78.825
 880.6000, -73.563
 880.8000, -81.460
 881.0000, -84.223
 881.2000,-210.000
 881.4000, -76.591
 881.6000,-210.000
 881.8000, -79.289
 882.0000,-106.136
 882.2000,-210.000
 882.4000,-210.000
 882.6000,-210.000
 882.8000,-210.000
 883.0000, -82.674
 883.2000, -78.235
 883.4000,-210.000
 883.6000,-210.000
 883.8000, -73.994
 884.0000,-210.000
 884.2000, -76.690
 884.4000, -80.735
 884.6000,-210.000
 884.8000,-210.000
 885.0000, -75.694
 885.2000, -80.049
 885.4000, -78.164
 885.6000,-210.000
 885.8000,-210.000
 886.0000, -78.984
 886.2000, -70.099
 886.4000,-210.000
 886.6000, -80.626
 886.8000, -76.753
 887.0000,-210.000
 887.2000,-210.000
 887.4000, -80.176
 887.6000,-210.000
 887.8000, -73.115
 888.0000,-210.000
 888.2000, -84.708
 888.4000,-210.000
 888.6000,-210.000
 888.8000,-210.000
 889.0000,-210.000
 889.2000,-210.000
 889.4000, -74.938
 889.6000, -79.491
 889.8000,-210.000
 890.0000, -73.433
 890.2000,-210.000
 890.4000, -75.615
 890.6000, -74.154
 890.8000,-210.000
 891.0000,-210.000
 891.2000, -72.805
 891.4000, -72.435
 891.6000, -74.341
 891.8000, -77.084
 892.0000, -80.082
 892.2000, -83.866
 892.4000,-210.000
 892.6000,-210.000
 892.8000, -85.090
 893.0000, -76.362
 893.2000,-210.000
 893.4000,-210.000
 893.6000,-210.000
 893.8000,-105.770
 894.0000, -77.617
 894.2000, -77.212
 894.4000, -75.098
 894.6000, -85.781
 894.8000,-210.000
 895.0000, -81.056
 895.2000,-210.000
 895.4000, -85.794
 895.6000,-210.000
 895.8000, -77.722
 896.0000, -73.325
 896.2000,-210.000
 896.4000, -77.741
 896.6000,-210.000
 896.8000,-210.000
 897.0000,-210.000
 897.2000, -84.339
 897.4000, -83.464
 897.6000, -82.835
 897.8000,-210.000
 898.0000,-210.000
 898.2000,-210.000
 898.4000, -76.234
 898.6000,-210.000
 898.8000, -79.487
 899.0000,-210.000
 899.2000,-210.000
 899.4000, -77.037
 899.6000,-210.000
 899.8000,-210.000
 900.0000, -81.274
 900.2000, -76.818
 900.4000, -78.001
 900.6000,-210.000
 900.8000,-210.000
 901.0000, -76.173
 901.2000,-210.000
 901.4000, -81.712
 901.6000,-210.000
 901.8000,-210.000
 902.0000, -77.718
 902.2000,-210.000
 902.4000, -74.823
 902.6000,-210.000
 902.8000,-210.000
 903.0000,-210.000
 903.2000, -78.435
 903.4000, -73.196
 903.6000,-210.000
 903.8000,-210.000
 904.0000, -76.720
 904.2000, -77.236
 904.4000,-210.000
 904.6000, -81.086
 904.8000, -80.261
 905.0000, -75.886
 905.2000, -75.831
 905.4000, -80.551
 905.6000, -86.879
 905.8000,-210.000
 906.0000, -74.423
 906.2000,-210.000
 906.4000, -78.131
 906.6000, -85.018
 906.8000,-210.000
 907.0000, -79.181
 907.2000,-210.000
 907.4000,-210.000
 907.6000,-210.000
 907.8000,-210.000
 908.0000, -80.972
 908.2000,-210.000
 908.4000, -91.101
 908.6000, -87.521
 908.8000, -77.069
 909.0000, -81.221
 909.2000, -79.688
 909.4000, -74.991
 909.6000, -78.901
 909.8000, -81.138
 910.0000, -75.121
 910.2000, -85.925
 910.4000,-210.000
 910.6000,-210.000
 910.8000, -75.392
 911.0000,-210.000
 911.2000, -77.299
 911.4000, -79.066
 911.6000, -78.036
 911.8000,-210.000
 912.0000, -77.339
 912.2000,-210.000
 912.4000,-210.000
 912.6000,-210.000
 912.8000, -83.090
 913.0000,-210.000
 913.2000, -79.105
 913.4000,-210.000
 913.6000, -74.960
 913.8000,-210.000
 914.0000, -81.897
 914.2000, -83.908
 914.4000,-210.000
 914.6000,-210.000
 914.8000, -81.477
 915.0000,-210.000
 915.2000, -92.255
 915.4000,-210.000
 915.6000,-210.000
 915.8000,-210.000
 916.0000, -81.596
 916.2000, -78.344
 916.4000, -78.613
 916.6000,-210.000
 916.8000, -87.827
 917.0000,-210.000
 917.2000,-210.000
 917.4000, -82.338
 917.6000,-210.000
 917.8000, -81.145
 918.0000, -78.923
 918.2000,-210.000
 918.4000, -83.938
 918.6000, -81.266
 918.8000, -79.616
 919.0000,-210.000
 919.2000, -75.800
 919.4000,-210.000
 919.6000,-210.000
 919.8000,-210.000
 920.0000,-210.000
 920.2000,-210.000
 920.4000, -82.536
 920.6000,-210.000
 920.8000,-210.000
 921.0000, -78.862
 921.2000,-210.000
 921.4000,-210.000
 921.6000,-210.000
 921.8000, -80.295
 922.0000,-210.000
 922.2000,-210.000
 922.4000,-210.000
 922.6000,-210.000
 922.8000, -81.842
 923.0000,-210.000
 923.2000, -78.115
 923.4000, -78.880
 923.6000, -79.990
 923.8000, -80.898
 924.0000,-210.000
 924.2000,-210.000
 924.4000,-210.000
 924.6000,-210.000
 924.8000,-210.000
 925.0000, -79.377
 925.2000, -79.368
 925.4000,-210.000
 925.6000,-210.000
 925.8000,-210.000
 926.0000, -79.352
 926.2000,-210.000
 926.4000,-210.000
 926.6000,-210.000
 926.8000, -78.642
 927.0000,-210.000
 927.2000,-210.000
 927.4000,-210.000
 927.6000, -83.786
 927.8000, -77.611
 928.0000, -80.304
 928.2000, -76.499
 928.4000,-210.000
 928.6000, -80.180
 928.8000, -84.325
 929.0000,-210.000
 929.2000,-210.000
 929.4000, -77.575
 929.6000,-210.000
 929.8000, -79.110
 930.0000, -83.191
 930.2000, -81.976
 930.4000,-210.000
 930.6000,-210.000
 930.8000,-210.000
 931.0000, -96.709
 931.2000,-210.000
 931.4000, -87.461
 931.6000, -82.116
 931.8000, -77.946
 932.0000, -81.795
 932.2000, -88.631
 932.4000, -92.365
 932.6000, -77.514
 932.8000,-210.000
 933.0000,-210.000
 933.2000,-210.000
 933.4000,-210.000
 933.6000, -87.598
 933.8000, -84.006
 934.0000,-210.000
 934.2000,-210.000
 934.4000,-210.000
 934.6000,-210.000
 934.8000, -82.671
 935.0000, -81.814
 935.2000,-210.000
 935.4000,-210.000
 935.6000, -83.035
 935.8000, -81.724
 936.0000,-210.000
 936.2000,-210.000
 936.4000,-210.000
 936.6000,-210.000
 936.8000,-210.000
 937.0000, -84.252
 937.2000, -80.406
 937.4000,-210.000
 937.6000, -83.013
 937.8000, -79.955
 938.0000, -83.145
 938.2000, -81.872
 938.4000,-102.363
 938.6000,-210.000
 938.8000,-210.000
 939.0000,-210.000
 939.2000,-210.000
 939.4000,-210.000
 939.6000,-210.000
 939.8000, -81.219
 940.0000, -92.012
 940.2000, -81.909
 940.4000, -87.461
 940.6000,-210.000
 940.8000, -86.560
 941.0000, -79.287
 941.2000,-210.000
 941.4000, -88.384
 941.6000,-210.000
 941.8000, -80.859
 942.0000, -93.235
 942.2000,-210.000
 942.4000,-210.000
 942.6000, -91.364
 942.8000, -87.655
 943.0000,-210.000
 943.2000, -96.646
 943.4000,-210.000
 943.6000, -84.793
 943.8000, -82.282
 944.0000,-210.000
 944.2000,-210.000
 944.4000,-210.000
 944.6000,-210.000
 944.8000, -87.351
 945.0000, -93.973
 945.2000,-210.000
 945.4000, -86.791
 945.6000, -87.377
 945.8000,-210.000
 946.0000, -78.832
 946.2000, -80.236
 946.4000, -81.755
 946.6000, -82.675
 946.8000, -84.402
 947.0000,-210.000
 947.2000, -89.815
 947.4000, -81.469
 947.6000, -92.627
 947.8000,-210.000
 948.0000, -84.097
 948.2000, -78.411
 948.4000,-210.000
 948.6000,-210.000
 948.8000, -86.954
 949.0000, -81.113
 949.2000, -83.434
 949.4000,-210.000
 949.6000, -87.721
 949.8000, -79.150
 950.0000, -83.937
 950.2000, -81.771
 950.4000,-210.000
 950.6000, -87.834
 950.8000, -79.073
 951.0000,-210.000
 951.2000,-210.000
 951.4000,-210.000
 951.6000, -88.345
 951.8000, -79.022
 952.0000, -82.924
 952.2000,-210.000
 952.4000, -86.840
 952.6000,-210.000
 952.8000, -99.274
 953.0000,-210.000
 953.2000, -80.645
 953.4000,-210.000
 953.6000,-210.000
 953.8000,-210.000
 954.0000, -92.647
 954.2000, -84.020
 954.4000,-210.000
 954.6000, -83.027
 954.8000, -83.637
 955.0000,-210.000
 955.2000,-210.000
 955.4000,-210.000
 955.6000,-210.000
 955.8000,-210.000
 956.0000, -86.020
 956.2000, -82.091
 956.4000, -89.430
 956.6000,-210.000
 956.8000, -79.716
 957.0000,-210.000
 957.2000, -83.663
 957.4000, -78.182
 957.6000,-210.000
 957.8000,-210.000
 958.0000,-210.000
 958.2000, -83.344
 958.4000,-210.000
 958.6000,-210.000
 958.8000, -84.467
 959.0000, -97.045
 959.2000,-210.000
 959.4000, -81.286
 959.6000, -81.559
 959.8000,-210.000
 960.0000, -89.685
 960.2000,-210.000
 960.4000,-210.000
 960.6000,-210.000
 960.8000, -92.679
 961.0000,-210.000
 961.2000,-210.000
 961.4000,-210.000
 961.6000, -91.489
 961.8000, -84.280
 962.0000, -95.940
 962.2000, -85.301
 962.4000,-210.000
 962.6000,-210.000
 962.8000, -81.861
 963.0000,-210.000
 963.2000, -93.217
 963.4000,-210.000
 963.6000,-210.000
 963.8000,-210.000
 964.0000, -94.537
 964.2000, -84.793
 964.4000, -82.053
 964.6000, -83.286
 964.8000, -93.848
 965.0000, -88.886
 965.2000, -88.257
 965.4000,-210.000
 965.6000,-210.000
 965.8000, -83.241
 966.0000,-210.000
 966.2000,-210.000
 966.4000,-210.000
 966.6000, -83.121
 966.8000, -78.987
 967.0000, -88.411
 967.2000, -87.864
 967.4000,-210.000
 967.6000,-210.000
 967.8000, -82.473
 968.0000, -82.743
 968.2000,-210.000
 968.4000,-210.000
 968.6000,-210.000
 968.8000, -89.524
 969.0000, -96.582
 969.2000, -81.614
 969.4000, -87.043
 969.6000, -87.443
 969.8000,-210.000
 970.0000,-210.000
 970.2000,-210.000
 970.4000,-210.000
 970.6000, -83.576
 970.8000,-210.000
 971.0000, -81.440
 971.2000,-210.000
 971.4000, -79.881
 971.6000,-210.000
 971.8000,-210.000
 972.0000, -79.468
 972.2000,-210.000
 972.4000,-210.000
 972.6000, -90.871
 972.8000, -82.360
 973.0000, -87.630
 973.2000, -86.517
 973.4000,-210.000
 973.6000, -83.388
 973.8000,-210.000
 974.0000,-210.000
 974.2000, -85.878
 974.4000, -84.323
 974.6000, -83.597
 974.8000, -83.690
 975.0000, -87.396
 975.2000, -85.787
 975.4000,-210.000
 975.6000, -87.952
 975.8000,-210.000
 976.0000,-210.000
 976.2000,-210.000
 976.4000, -83.714
 976.6000,-210.000
 976.8000, -86.772
 977.0000,-210.000
 977.2000,-210.000
 977.4000,-210.000
 977.6000,-210.000
 977.8000, -79.305
 978.0000,-210.000
 978.2000,-210.000
 978.4000, -89.728
 978.6000,-210.000
 978.8000,-210.000
 979.0000, -84.535
 979.2000, -85.005
 979.4000, -80.065
 979.6000, -95.562
 979.8000,-210.000
 980.0000,-210.000
 980.2000,-210.000
 980.4000,-210.000
 980.6000, -84.975
 980.8000,-210.000
 981.0000, -79.871
 981.2000, -79.459
 981.4000, -86.298
 981.6000, -85.217
 981.8000, -99.081
 982.0000,-210.000
 982.2000, -82.085
 982.4000,-210.000
 982.6000, -81.788
 982.8000,-210.000
 983.0000,-210.000
 983.2000,-210.000
 983.4000,-210.000
 983.6000,-210.000
 983.8000,-210.000
 984.0000,-210.000
 984.2000,-210.000
 984.4000, -81.994
 984.6000,-210.000
 984.8000,-210.000
 985.0000,-210.000
 985.2000, -84.921
 985.4000,-210.000
 985.6000,-210.000
 985.8000, -87.301
 986.0000, -89.507
 986.2000, -83.433
 986.4000, -82.455
 986.6000,-210.000
 986.8000,-210.000
 987.0000,-210.000
 987.2000, -92.372
 987.4000, -83.121
 987.6000,-210.000
 987.8000, -86.089
 988.0000,-210.000
 988.2000, -95.916
 988.4000, -79.932
 988.6000, -86.995
 988.8000, -83.612
 989.0000,-210.000
 989.2000,-210.000
 989.4000, -92.106
 989.6000, -86.272
 989.8000, -81.206
 990.0000,-210.000
 990.2000, -89.709
 990.4000, -88.152
 990.6000, -84.955
 990.8000,-102.182
 991.0000,-210.000
 991.2000, -82.219
 991.4000, -83.697
 991.6000, -93.419
 991.8000,-210.000
 992.0000, -86.892
 992.2000,-210.000
 992.4000,-210.000
 992.6000,-210.000
 992.8000,-210.000
 993.0000,-210.000
 993.2000,-210.000
 993.4000,-210.000
 993.6000,-210.000
 993.8000, -81.381
 994.0000, -92.257
 994.2000, -85.369
 994.4000,-210.000
 994.6000, -86.371
 994.8000,-210.000
 995.0000,-210.000
 995.2000,-210.000
 995.4000,-210.000
 995.6000, -91.710
 995.8000, -81.804
 996.0000, -84.622
 996.2000, -84.738
 996.4000,-210.000
 996.6000,-210.000
 996.8000,-210.000
 997.0000, -89.675
 997.2000,-210.000
 997.4000, -88.660
 997.6000, -91.588
 997.8000,-210.000
 998.0000, -92.447
 998.2000, -86.036
 998.4000, -98.918
 998.6000, -85.362
 998.8000, -90.543
 999.0000,-210.000
 999.2000, -88.691
 999.4000, -83.914
 999.6000, -90.172
 999.8000,-210.000
1000.0000, -84.392
1000.2000,-210.000
1000.4000,-210.000
1000.6000, -88.351
1000.8000,-210.000
1001.0000,-210.000
1001.2000,-210.000
1001.4000,-210.000
1001.6000,-210.000
1001.8000, -88.584
1002.0000, -88.676
1002.2000, -93.346
1002.4000,-102.067
1002.6000, -83.641
1002.8000,-210.000
1003.0000,-210.000
1003.2000, -86.788
1003.4000,-210.000
1003.6000,-210.000
1003.8000, -95.875
1004.0000,-210.000
1004.2000,-210.000
1004.4000,-210.000
1004.6000, -90.915
1004.8000, -88.829
1005.0000, -83.153
1005.2000, -83.993
1005.4000, -83.235
1005.6000, -88.304
1005.8000, -84.336
1006.0000,-210.000
1006.2000, -83.197
1006.4000, -85.399
1006.6000, -83.516
1006.8000,-210.000
1007.0000, -82.358
1007.2000, -87.139
1007.4000, -83.196
1007.6000, -85.010
1007.8000, -83.718
1008.0000, -80.279
1008.2000,-210.000
1008.4000, -84.324
1008.6000,-210.000
1008.8000,-210.000
1009.0000, -80.525
1009.2000, -94.334
1009.4000,-210.000
1009.6000,-210.000
1009.8000,-210.000
1010.0000,-210.000
1010.2000, -81.350
1010.4000,-210.000
1010.6000,-210.000
1010.8000, -89.901
1011.0000, -84.656
1011.2000, -86.958
1011.4000,-100.155
1011.6000,-210.000
1011.8000, -85.200
1012.0000,-210.000
1012.2000, -82.451
1012.4000, -83.312
1012.6000,-210.000
1012.8000,-210.000
1013.0000,-210.000
1013.2000, -83.270
1013.4000, -86.937
1013.6000, -84.157
1013.8000,-210.000
1014.0000,-210.000
1014.2000,-210.000
1014.4000,-210.000
1014.6000, -91.091
1014.8000,-210.000
1015.0000,-210.000
1015.2000,-210.000
1015.4000, -86.870
1015.6000, -87.967
1015.8000,-210.000
1016.0000,-210.000
1016.2000, -85.415
1016.4000,-210.000
1016.6000, -85.607
1016.8000,-210.000
1017.0000, -82.972
1017.2000,-210.000
1017.4000,-210.000
1017.6000, -94.565
1017.8000, -83.985
1018.0000, -86.958
1018.2000,-210.000
1018.4000,-210.000
1018.6000, -93.591
1018.8000, -85.270
1019.0000, -85.625
1019.2000,-210.000
1019.4000, -85.237
1019.6000,-210.000
1019.8000,-210.000
1020.0000, -83.995
1020.2000,-210.000
1020.4000, -86.444
1020.6000, -82.599
1020.8000, -90.041
1021.0000,-210.000
1021.2000,-210.000
1021.4000, -90.339
1021.6000,-210.000
1021.8000,-210.000
1022.0000, -84.615
1022.2000, -90.496
1022.4000,-210.000
1022.6000, -85.556
1022.8000, -91.601
1023.0000, -87.806
1023.2000, -81.925
1023.4000,-210.000
1023.6000,-210.000
1023.8000,-210.000
1024.0000, -85.060
1024.2000,-210.000
1024.4000,-210.000
1024.6000, -98.338
1024.8000, -82.989
1025.0000,-210.000
1025.2000,-210.000
1025.4000, -87.127
1025.6000, -89.927
1025.8000,-104.038
1026.0000, -85.283
1026.2000, -84.860
1026.4000, -84.111
1026.6000,-210.000
1026.8000,-210.000
1027.0000,-210.000
1027.2000,-210.000
1027.4000, -94.224
1027.6000,-210.000
1027.8000, -83.549
1028.0000,-210.000
1028.2000,-109.631
1028.4000, -88.865
1028.6000, -87.681
1028.8000, -88.682
1029.0000, -84.061
1029.2000,-210.000
1029.4000, -83.296
1029.6000,-210.000
1029.8000, -89.788
1030.0000, -83.727
1030.2000,-210.000
1030.4000,-210.000
1030.6000, -87.045
1030.8000, -90.874
1031.0000, -84.651
1031.2000,-210.000
1031.4000, -86.479
1031.6000, -89.910
1031.8000,-101.580
1032.0000, -87.586
1032.2000,-210.000
1032.4000, -84.197
1032.6000, -99.084
1032.8000, -98.623
1033.0000, -91.787
1033.2000,-210.000
1033.4000, -84.892
1033.6000, -92.075
1033.8000,-210.000
1034.0000,-101.022
1034.2000,-210.000
1034.4000,-210.000
1034.6000, -93.157
1034.8000, -82.252
1035.0000, -94.243
1035.2000, -85.571
1035.4000, -81.519
1035.6000,-210.000
1035.8000, -84.095
1036.0000,-210.000
1036.2000, -93.071
1036.4000,-210.000
1036.6000,-210.000
1036.8000,-210.000
1037.0000, -81.471
1037.2000, -90.880
1037.4000,-210.000
1037.6000, -82.627
1037.8000, -80.571
1038.0000,-210.000
1038.2000,-210.000
1038.4000,-210.000
1038.6000, -97.603
1038.8000,-210.000
1039.0000,-210.000
1039.2000,-210.000
1039.4000,-210.000
1039.6000,-210.000
1039.8000,-210.000
1040.0000,-210.000
1040.2000, -91.415
1040.4000, -82.404
1040.6000,-210.000
1040.8000,-210.000
1041.0000,-210.000
1041.2000, -82.892
1041.4000, -84.104
1041.6000, -86.258
1041.8000,-210.000
1042.0000,-210.000
1042.2000,-210.000
1042.4000,-210.000
1042.6000, -91.934
1042.8000, -92.866
1043.0000, -92.291
1043.2000,-210.000
1043.4000,-210.000
1043.6000,-210.000
1043.8000,-210.000
1044.0000, -81.996
1044.2000, -87.442
1044.4000, -84.477
1044.6000,-210.000
1044.8000,-210.000
1045.0000, -85.713
1045.2000, -87.149
1045.4000,-210.000
1045.6000, -91.622
1045.8000, -86.282
1046.0000,-210.000
1046.2000, -83.297
1046.4000, -85.405
1046.6000, -87.341
1046.8000,-210.000
1047.0000,-210.000
1047.2000,-210.000
1047.4000, -85.519
1047.6000, -84.151
1047.8000,-210.000
1048.0000,-210.000
1048.2000,-210.000
1048.4000,-210.000
1048.6000, -92.310
1048.8000, -84.401
1049.0000, -85.490
1049.2000, -85.380
1049.4000, -89.326
1049.6000,-210.000
1049.8000,-210.000
1050.0000,-210.000
1050.2000, -87.723
1050.4000, -87.226
1050.6000,-210.000
1050.8000,-210.000
1051.0000, -86.061
1051.2000,-210.000
1051.4000,-108.770
1051.6000,-210.000
1051.8000,-210.000
1052.0000, -92.671
1052.2000,-210.000
1052.4000, -82.901
1052.6000,-210.000
1052.8000, -87.265
1053.0000,-210.000
1053.2000,-210.000
1053.4000, -84.382
1053.6000, -87.228
1053.8000,-210.000
1054.0000,-210.000
1054.2000, -84.059
1054.4000, -84.468
1054.6000, -91.282
1054.8000, -88.309
1055.0000, -88.654
1055.2000,-210.000
1055.4000, -84.090
1055.6000,-210.000
1055.8000, -84.143
1056.0000, -87.233
1056.2000,-210.000
1056.4000,-104.487
1056.6000,-210.000
1056.8000, -91.740
1057.0000, -95.101
1057.2000,-210.000
1057.4000,-210.000
1057.6000,-210.000
1057.8000,-210.000
1058.0000, -89.403
1058.2000, -88.992
1058.4000,-210.000
1058.6000,-210.000
1058.8000, -97.084
1059.0000, -94.967
1059.2000, -95.717
1059.4000, -86.197
1059.6000,-210.000
1059.8000, -86.154
1060.0000, -84.892
1060.2000,-210.000
1060.4000,-210.000
1060.6000, -89.952
1060.8000, -81.000
1061.0000, -84.656
1061.2000,-210.000
1061.4000,-210.000
1061.6000,-210.000
1061.8000,-210.000
1062.0000, -89.662
1062.2000, -87.771
1062.4000, -84.131
1062.6000, -86.398
1062.8000,-210.000
1063.0000,-210.000
1063.2000, -91.444
1063.4000,-210.000
1063.6000, -85.428
1063.8000,-210.000
1064.0000,-210.000
1064.2000,-210.000
1064.4000,-210.000
1064.6000,-210.000
1064.8000, -97.333
1065.0000, -83.429
1065.2000,-210.000
1065.4000, -92.316
1065.6000, -83.672
1065.8000, -89.309
1066.0000, -87.198
1066.2000,-210.000
1066.4000,-210.000
1066.6000, -90.813
1066.8000, -86.754
1067.0000,-210.000
1067.2000, -91.696
1067.4000, -94.476
1067.6000, -89.418
1067.8000, -83.585
1068.0000, -89.720
1068.2000,-210.000
1068.4000,-210.000
1068.6000,-210.000
1068.8000, -96.261
1069.0000,-210.000
1069.2000, -85.482
1069.4000, -87.087
1069.6000, -86.359
1069.8000, -86.875
1070.0000, -85.960
1070.2000,-210.000
1070.4000, -90.780
1070.6000, -84.903
1070.8000, -90.679
1071.0000, -84.192
1071.2000, -86.371
1071.4000,-210.000
1071.6000, -84.004
1071.8000, -85.011
1072.0000, -86.092
1072.2000, -85.835
1072.4000,-210.000
1072.6000, -89.035
1072.8000, -85.970
1073.0000, -82.945
1073.2000,-210.000
1073.4000,-210.000
1073.6000,-210.000
1073.8000, -87.786
1074.0000, -94.214
1074.2000,-210.000
1074.4000, -94.030
1074.6000,-210.000
1074.8000, -87.461
1075.0000,-210.000
1075.2000, -89.855
1075.4000,-210.000
1075.6000,-210.000
1075.8000, -82.309
1076.0000, -92.061
1076.2000,-210.000
1076.4000, -92.139
1076.6000, -89.968
1076.8000, -86.965
1077.0000, -89.849
1077.2000,-210.000
1077.4000, -86.419
1077.6000, -86.333
1077.8000,-210.000
1078.0000,-210.000
1078.2000, -89.732
1078.4000,-210.000
1078.6000, -88.355
1078.8000, -90.975
1079.0000, -88.391
1079.2000,-210.000
1079.4000,-210.000
1079.6000, -86.999
1079.8000, -85.224
1080.0000,-210.000
1080.2000,-210.000
1080.4000,-210.000
1080.6000, -93.118
1080.8000, -83.439
1081.0000,-210.000
1081.2000, -92.505
1081.4000,-210.000
1081.6000,-210.000
1081.8000, -95.226
1082.0000, -87.827
1082.2000,-210.000
1082.4000, -82.924
1082.6000, -99.230
1082.8000, -84.702
1083.0000,-210.000
1083.2000, -94.960
1083.4000,-210.000
1083.6000, -84.647
1083.8000,-210.000
1084.0000,-210.000
1084.2000,-210.000
1084.4000, -92.661
1084.6000, -82.404
1084.8000,-210.000
1085.0000,-210.000
1085.2000, -85.525
1085.4000, -85.831
1085.6000, -85.615
1085.8000, -85.342
1086.0000,-210.000
1086.2000, -86.543
1086.4000, -84.173
1086.6000,-210.000
1086.8000,-210.000
1087.0000, -86.060
1087.2000, -87.193
1087.4000, -89.759
1087.6000, -92.158
1087.8000, -85.745
1088.0000,-210.000
1088.2000, -92.282
1088.4000, -98.697
1088.6000, -87.586
1088.8000, -83.749
1089.0000, -87.142
1089.2000, -89.312
1089.4000, -91.800
1089.6000,-210.000
1089.8000, -84.782
1090.0000,-210.000
1090.2000,-210.000
1090.4000,-210.000
1090.6000, -92.041
1090.8000, -93.759
1091.0000,-210.000
1091.2000,-210.000
1091.4000,-210.000
1091.6000,-210.000
1091.8000, -95.022
1092.0000, -86.762
1092.2000,-210.000
1092.4000, -93.304
1092.6000,-210.000
1092.8000, -87.181
1093.0000, -87.740
1093.2000, -92.569
1093.4000, -85.685
1093.6000,-210.000
1093.8000,-210.000
1094.0000, -81.816
1094.2000, -83.940
1094.4000, -86.499
1094.6000,-210.000
1094.8000, -91.116
1095.0000, -89.717
1095.2000, -87.544
1095.4000, -81.178
1095.6000, -84.171
1095.8000, -95.022
1096.0000,-104.281
1096.2000, -92.075
1096.4000, -89.096
1096.6000,-210.000
1096.8000, -84.540
1097.0000, -88.268
1097.2000, -85.796
1097.4000,-210.000
1097.6000, -93.451
1097.8000, -94.162
1098.0000, -91.597
1098.2000,-210.000
1098.4000, -88.282
1098.6000,-210.000
1098.8000, -89.197
1099.0000,-210.000
1099.2000,-210.000
1099.4000,-210.000
1099.6000, -90.629
1099.8000, -88.258
1100.0000, -86.207
1100.2000,-210.000
1100.4000,-210.000
1100.6000, -92.455
1100.8000, -96.600
1101.0000,-210.000
1101.2000,-210.000
1101.4000, -89.329
1101.6000,-210.000
1101.8000,-210.000
1102.0000, -89.938
1102.2000, -88.932
1102.4000, -84.516
1102.6000, -84.535
1102.8000, -83.916
1103.0000, -87.180
1103.2000, -89.838
1103.4000, -92.179
1103.6000,-210.000
1103.8000, -86.836
1104.0000,-210.000
1104.2000, -93.438
1104.4000, -98.972
1104.6000,-210.000
1104.8000, -84.912
1105.0000, -85.479
1105.2000, -93.027
1105.4000, -89.780
1105.6000, -89.114
1105.8000,-210.000
1106.0000, -97.413
1106.2000,-210.000
1106.4000,-210.000
1106.6000,-210.000
1106.8000,-210.000
1107.0000,-210.000
1107.2000,-210.000
1107.4000,-210.000
1107.6000, -91.173
1107.8000, -90.953
1108.0000,-210.000
1108.2000, -85.981
1108.4000, -88.193
1108.6000, -99.936
1108.8000,-210.000
1109.0000,-210.000
1109.2000,-210.000
1109.4000, -84.596
1109.6000, -96.079
1109.8000,-210.000
1110.0000, -97.086
1110.2000,-210.000
1110.4000, -87.185
1110.6000, -85.950
1110.8000,-210.000
1111.0000, -89.263
1111.2000, -99.169
1111.4000, -88.773
1111.6000,-210.000
1111.8000, -85.693
1112.0000, -91.057
1112.2000, -90.907
1112.4000, -91.941
1112.6000, -86.418
1112.8000,-210.000
1113.0000, -88.812
1113.2000, -95.087
1113.4000, -87.581
1113.6000, -91.689
1113.8000,-210.000
1114.0000, -87.326
1114.2000, -89.333
1114.4000, -83.609
1114.6000,-210.000
1114.8000,-210.000
1115.0000,-210.000
1115.2000,-210.000
1115.4000, -95.261
1115.6000, -88.379
1115.8000, -93.805
1116.0000, -85.209
1116.2000, -87.950
1116.4000,-210.000
1116.6000,-210.000
1116.8000, -90.150
1117.0000, -90.586
1117.2000,-210.000
1117.4000,-210.000
1117.6000, -85.738
1117.8000, -85.756
1118.0000,-210.000
1118.2000,-210.000
1118.4000, -86.030
1118.6000, -86.002
1118.8000, -84.690
1119.0000,-210.000
1119.2000,-210.000
1119.4000,-210.000
1119.6000,-210.000
1119.8000,-102.402
1120.0000,-210.000
1120.2000, -91.024
1120.4000, -99.380
1120.6000, -83.570
1120.8000, -88.710
1121.0000, -89.302
1121.2000, -84.013
1121.4000, -93.929
1121.6000, -85.297
1121.8000,-210.000
1122.0000, -95.578
1122.2000, -88.519
1122.4000, -85.929
1122.6000, -94.804
1122.8000, -88.068
1123.0000, -85.406
1123.2000, -85.845
1123.4000,-210.000
1123.6000, -88.796
1123.8000, -84.309
1124.0000,-210.000
1124.2000, -94.350
1124.4000, -87.888
1124.6000, -90.967
1124.8000, -86.486
1125.0000, -86.171
1125.2000, -85.011
1125.4000, -91.209
1125.6000,-210.000
1125.8000, -98.718
1126.0000,-210.000
1126.2000,-106.911
1126.4000, -89.252
1126.6000, -90.710
1126.8000,-210.000
1127.0000, -91.352
1127.2000, -87.868
1127.4000, -88.160
1127.6000, -84.214
1127.8000, -86.999
1128.0000,-210.000
1128.2000, -91.746
1128.4000, -83.492
1128.6000,-210.000
1128.8000,-210.000
1129.0000, -88.455
1129.2000, -85.547
1129.4000, -95.212
1129.6000,-210.000
1129.8000, -88.621
1130.0000,-210.000
1130.2000,-210.000
1130.4000,-210.000
1130.6000,-210.000
1130.8000,-210.000
1131.0000, -90.990
1131.2000, -85.626
1131.4000,-210.000
1131.6000,-210.000
1131.8000, -85.814
1132.0000, -87.291
1132.2000, -95.918
1132.4000, -88.970
1132.6000,-210.000
1132.8000, -91.622
1133.0000,-210.000
1133.2000,-210.000
1133.4000,-210.000
1133.6000, -91.093
1133.8000,-210.000
1134.0000,-210.000
1134.2000, -88.011
1134.4000,-210.000
1134.6000,-210.000
1134.8000, -83.215
1135.0000, -89.093
1135.2000, -88.570
1135.4000,-210.000
1135.6000, -85.433
1135.8000,-210.000
1136.0000, -84.132
1136.2000, -95.386
1136.4000, -85.414
1136.6000,-210.000
1136.8000, -83.818
1137.0000,-210.000
1137.2000, -91.657
1137.4000, -85.972
1137.6000,-210.000
1137.8000, -88.972
1138.0000, -93.070
1138.2000,-210.000
1138.4000,-210.000
1138.6000,-210.000
1138.8000, -84.412
1139.0000, -90.079
1139.2000, -96.699
1139.4000, -89.111
1139.6000, -93.185
1139.8000, -86.562
1140.0000,-100.032
1140.2000, -86.290
1140.4000, -91.123
1140.6000, -96.686
1140.8000, -84.529
1141.0000, -98.350
1141.2000,-210.000
1141.4000,-210.000
1141.6000, -97.093
1141.8000,-210.000
1142.0000, -91.897
1142.2000, -83.993
1142.4000,-210.000
1142.6000,-210.000
1142.8000, -91.186
1143.0000, -87.851
1143.2000,-210.000
1143.4000, -87.791
1143.6000,-210.000
1143.8000,-210.000
1144.0000,-210.000
1144.2000,-210.000
1144.4000, -84.618
1144.6000, -89.173
1144.8000, -94.042
1145.0000,-210.000
1145.2000,-210.000
1145.4000,-101.610
1145.6000, -82.026
1145.8000,-210.000
1146.0000,-210.000
1146.2000,-210.000
1146.4000,-210.000
1146.6000,-210.000
1146.8000, -87.505
1147.0000,-210.000
1147.2000, -90.179
1147.4000, -82.862
1147.6000,-210.000
1147.8000, -87.018
1148.0000, -88.496
1148.2000,-210.000
1148.4000,-106.071
1148.6000,-210.000
1148.8000,-210.000
1149.0000, -88.153
1149.2000, -86.334
1149.4000, -93.280
1149.6000,-210.000
1149.8000, -91.368
1150.0000,-210.000
1150.2000,-210.000
1150.4000, -91.367
1150.6000,-210.000
1150.8000,-210.000
1151.0000, -86.420
1151.2000, -86.255
1151.4000,-210.000
1151.6000,-210.000
1151.8000,-210.000
1152.0000,-210.000
1152.2000,-210.000
1152.4000, -86.562
1152.6000,-210.000
1152.8000, -94.690
1153.0000,-210.000
1153.2000, -87.065
1153.4000, -84.474
1153.6000, -89.604
1153.8000,-210.000
1154.0000,-210.000
1154.2000,-210.000
1154.4000, -89.685
1154.6000,-210.000
1154.8000,-210.000
1155.0000, -87.366
1155.2000, -84.678
1155.4000,-210.000
1155.6000, -85.358
1155.8000,-210.000
1156.0000,-210.000
1156.2000, -88.731
1156.4000,-210.000
1156.6000,-210.000
1156.8000, -92.440
1157.0000, -92.959
1157.2000,-210.000
1157.4000, -90.006
1157.6000,-210.000
1157.8000, -84.421
1158.0000, -93.130
1158.2000,-210.000
1158.4000,-210.000
1158.6000,-210.000
1158.8000,-210.000
1159.0000,-100.326
1159.2000, -90.680
1159.4000, -84.827
1159.6000, -88.143
1159.8000,-210.000
1160.0000,-210.000
1160.2000,-210.000
1160.4000,-210.000
1160.6000,-210.000
1160.8000, -83.262
1161.0000, -91.214
1161.2000, -85.900
1161.4000, -83.670
1161.6000, -85.419
1161.8000, -85.989
1162.0000, -96.014
1162.2000,-210.000
1162.4000,-210.000
1162.6000, -90.493
1162.8000,-210.000
1163.0000, -86.274
1163.2000, -94.422
1163.4000, -92.077
1163.6000, -91.366
1163.8000,-210.000
1164.0000, -88.266
1164.2000, -88.687
1164.4000, -91.057
1164.6000,-210.000
1164.8000,-210.000
1165.0000,-210.000
1165.2000,-210.000
1165.4000,-210.000
1165.6000,-210.000
1165.8000,-210.000
1166.0000,-210.000
1166.2000, -84.474
1166.4000, -88.622
1166.6000, -92.375
1166.8000,-210.000
1167.0000,-210.000
1167.2000, -83.042
1167.4000, -88.232
1167.6000, -96.220
1167.8000, -90.458
1168.0000,-210.000
1168.2000, -86.942
1168.4000, -83.157
1168.6000, -87.728
1168.8000,-210.000
1169.0000,-210.000
1169.2000,-210.000
1169.4000, -88.413
1169.6000, -87.627
1169.8000, -94.795
1170.0000,-210.000
1170.2000,-210.000
1170.4000,-210.000
1170.6000, -84.550
1170.8000, -88.968
1171.0000,-210.000
1171.2000, -95.759
1171.4000,-210.000
1171.6000,-210.000
1171.8000,-210.000
1172.0000, -88.891
1172.2000,-210.000
1172.4000,-210.000
1172.6000, -87.662
1172.8000,-210.000
1173.0000,-210.000
1173.2000,-210.000
1173.4000,-210.000
1173.6000, -86.808
1173.8000, -85.684
1174.0000, -89.946
1174.2000,-210.000
1174.4000, -89.047
1174.6000, -87.221
1174.8000, -93.107
1175.0000, -93.620
1175.2000,-210.000
1175.4000, -86.206
1175.6000, -91.622
1175.8000, -86.851
1176.0000, -91.836
1176.2000, -95.499
1176.4000, -85.824
1176.6000,-210.000
1176.8000,-210.000
1177.0000,-210.000
1177.2000,-210.000
1177.4000, -82.751
1177.6000, -88.242
1177.8000,-210.000
1178.0000,-210.000
1178.2000,-210.000
1178.4000,-210.000
1178.6000, -92.468
1178.8000,-210.000
1179.0000,-210.000
1179.2000,-210.000
1179.4000, -89.135
1179.6000,-210.000
1179.8000, -98.781
1180.0000, -86.752
1180.2000,-210.000
1180.4000, -89.821
1180.6000, -82.931
1180.8000, -87.867
1181.0000,-210.000
1181.2000,-210.000
1181.4000,-210.000
1181.6000, -87.249
1181.8000,-210.000
1182.0000, -89.288
1182.2000,-106.662
1182.4000, -87.686
1182.6000, -87.375
1182.8000, -89.174
1183.0000, -86.268
1183.2000, -91.056
1183.4000, -95.234
1183.6000,-210.000
1183.8000, -98.125
1184.0000, -89.313
1184.2000, -88.196
1184.4000, -85.732
1184.6000,-210.000
1184.8000,-210.000
1185.0000, -88.761
1185.2000,-210.000
1185.4000, -85.995
1185.6000, -82.444
1185.8000, -85.260
1186.0000,-210.000
1186.2000,-210.000
1186.4000,-210.000
1186.6000, -90.650
1186.8000, -88.118
1187.0000,-210.000
1187.2000, -89.992
1187.4000, -99.865
1187.6000, -85.275
1187.8000, -90.712
1188.0000, -88.553
1188.2000,-210.000
1188.4000, -86.160
1188.6000,-210.000
1188.8000, -98.141
1189.0000, -91.247
1189.2000,-210.000
1189.4000,-210.000
1189.6000, -82.970
1189.8000,-210.000
1190.0000, -86.269
1190.2000, -92.033
1190.4000, -87.956
1190.6000,-210.000
1190.8000,-210.000
1191.0000,-210.000
1191.2000, -95.788
1191.4000, -92.882
1191.6000, -88.762
1191.8000, -88.195
1192.0000, -86.545
1192.2000, -86.175
1192.4000, -92.493
1192.6000, -88.291
1192.8000, -86.595
1193.0000, -88.747
1193.2000, -86.202
1193.4000,-210.000
1193.6000, -86.897
1193.8000,-210.000
1194.0000, -90.079
1194.2000, -97.500
1194.4000, -94.468
1194.6000,-210.000
1194.8000,-210.000
1195.0000,-210.000
1195.2000,-210.000
1195.4000, -98.727
1195.6000,-210.000
1195.8000, -86.692
1196.0000, -86.265
1196.2000, -89.438
1196.4000, -84.861
1196.6000,-210.000
1196.8000, -85.136
1197.0000, -85.793
1197.2000, -96.539
1197.4000,-210.000
1197.6000,-210.000
1197.8000, -83.760
1198.0000,-210.000
1198.2000,-210.000
1198.4000, -90.494
1198.6000, -86.775
1198.8000, -87.130
1199.0000, -85.553
1199.2000,-210.000
1199.4000,-210.000
1199.6000, -89.347
1199.8000, -84.559
1200.0000, -90.171
1200.2000, -84.632
1200.4000, -88.530
1200.6000, -87.944
1200.8000, -87.372
1201.0000,-210.000
1201.2000,-210.000
1201.4000, -83.893
1201.6000, -90.515
1201.8000, -89.378
1202.0000, -87.840
1202.2000, -89.281
1202.4000,-210.000
1202.6000,-210.000
1202.8000,-210.000
1203.0000, -86.780
1203.2000, -83.253
1203.4000, -92.516
1203.6000, -92.745
1203.8000, -85.188
1204.0000, -98.776
1204.2000, -84.296
1204.4000, -87.520
1204.6000,-210.000
1204.8000,-210.000
1205.0000, -87.328
1205.2000,-210.000
1205.4000, -88.303
1205.6000,-210.000
1205.8000, -91.511
1206.0000, -89.358
1206.2000, -84.023
1206.4000, -91.947
1206.6000,-210.000
1206.8000,-210.000
1207.0000, -87.142
1207.2000, -89.027
1207.4000, -96.075
1207.6000,-210.000
1207.8000,-210.000
1208.0000,-210.000
1208.2000, -86.908
1208.4000, -87.303
1208.6000, -94.700
1208.8000, -82.275
1209.0000, -86.840
1209.2000,-210.000
1209.4000, -93.856
1209.6000, -86.935
1209.8000, -84.890
1210.0000, -89.707
1210.2000,-210.000
1210.4000, -85.805
1210.6000, -84.717
1210.8000,-210.000
1211.0000, -92.260
1211.2000, -86.138
1211.4000, -85.470
1211.6000, -87.937
1211.8000,-210.000
1212.0000,-210.000
1212.2000,-210.000
1212.4000, -95.237
1212.6000, -85.973
1212.8000, -88.679
1213.0000, -84.265
1213.2000, -88.144
1213.4000,-210.000
1213.6000, -87.646
1213.8000,-210.000
1214.0000, -85.366
1214.2000, -91.378
1214.4000, -85.840
1214.6000, -87.097
1214.8000, -89.753
1215.0000,-102.551
1215.2000, -88.028
1215.4000,-210.000
1215.6000,-210.000
1215.8000, -84.095
1216.0000,-210.000
1216.2000, -85.620
1216.4000, -87.288
1216.6000, -94.468
1216.8000,-210.000
1217.0000, -87.515
1217.2000,-210.000
1217.4000, -87.704
1217.6000, -92.077
1217.8000, -86.949
1218.0000, -86.341
1218.2000, -89.012
1218.4000,-210.000
1218.6000, -87.862
1218.8000, -83.438
1219.0000, -86.968
1219.2000, -87.023
1219.4000, -84.036
1219.6000, -94.168
1219.8000, -91.806
1220.0000, -87.478
1220.2000, -90.138
1220.4000, -90.732
1220.6000,-210.000
1220.8000, -84.921
1221.0000, -93.249
1221.2000, -86.425
1221.4000, -95.517
1221.6000, -85.469
1221.8000, -94.546
1222.0000,-210.000
1222.2000, -88.531
1222.4000, -86.716
1222.6000,-210.000
1222.8000, -89.559
1223.0000, -84.265
1223.2000, -87.098
1223.4000, -87.266
1223.6000, -85.655
1223.8000,-210.000
1224.0000, -84.169
1224.2000, -86.560
1224.4000, -88.781
1224.6000, -86.283
1224.8000, -87.776
1225.0000, -87.010
1225.2000, -84.361
1225.4000,-210.000
1225.6000, -91.723
1225.8000,-210.000
1226.0000, -84.150
1226.2000, -93.768
1226.4000, -91.371
1226.6000, -86.956
1226.8000,-210.000
1227.0000, -82.840
1227.2000,-210.000
1227.4000, -87.106
1227.6000, -87.363
1227.8000, -97.469
1228.0000, -82.818
1228.2000, -84.287
1228.4000,-210.000
1228.6000,-210.000
1228.8000, -86.965
1229.0000, -90.625
1229.2000, -85.380
1229.4000, -84.539
1229.6000, -92.278
1229.8000,-210.000
1230.0000, -87.563
1230.2000, -89.994
1230.4000, -99.854
1230.6000, -91.161
1230.8000, -86.303
1231.0000, -82.493
1231.2000, -85.870
1231.4000, -85.201
1231.6000, -87.114
1231.8000,-210.000
1232.0000, -87.697
1232.2000, -85.367
1232.4000,-210.000
1232.6000, -91.561
1232.8000, -88.114
1233.0000, -84.731
1233.2000,-210.000
1233.4000, -86.895
1233.6000, -83.185
1233.8000, -83.866
1234.0000, -83.049
1234.2000, -89.321
1234.4000,-210.000
1234.6000,-210.000
1234.8000, -93.910
1235.0000, -87.977
1235.2000, -87.303
1235.4000, -90.456
1235.6000, -89.000
1235.8000, -86.607
1236.0000, -83.891
1236.2000, -87.854
1236.4000,-210.000
1236.6000, -85.601
1236.8000, -83.678
1237.0000, -84.044
1237.2000, -83.496
1237.4000, -82.499
1237.6000, -85.003
1237.8000, -88.869
1238.0000,-210.000
1238.2000, -87.483
1238.4000, -81.987
1238.6000, -84.032
1238.8000, -87.137
1239.0000, -87.298
1239.2000, -83.849
1239.4000,-210.000
1239.6000, -84.079
1239.8000,-210.000
1240.0000, -87.955
1240.2000, -90.849
1240.4000, -84.127
1240.6000, -84.121
1240.8000, -85.331
1241.0000, -86.377
1241.2000, -84.612
1241.4000, -86.890
1241.6000, -86.294
1241.8000, -90.230
1242.0000, -83.351
1242.2000,-210.000
1242.4000, -91.831
1242.6000, -83.719
1242.8000, -84.001
1243.0000, -88.897
1243.2000, -86.488
1243.4000, -83.884
1243.6000, -81.926
1243.8000, -86.458
1244.0000, -84.173
1244.2000, -97.846
1244.4000, -87.679
1244.6000, -84.892
1244.8000,-210.000
1245.0000, -88.625
1245.2000, -82.800
1245.4000, -93.417
1245.6000, -86.363
1245.8000, -84.848
1246.0000, -87.875
1246.2000, -83.334
1246.4000, -91.802
1246.6000, -84.099
1246.8000,-210.000
1247.0000, -82.540
1247.2000, -83.575
1247.4000, -89.611
1247.6000, -91.449
1247.8000, -90.187
1248.0000, -84.170
1248.2000, -82.580
1248.4000, -85.741
1248.6000, -88.173
1248.8000, -83.816
1249.0000, -84.360
1249.2000, -83.089
1249.4000, -91.103
1249.6000, -86.286
1249.8000, -86.831
1250.0000,-107.215
1250.2000, -89.228
1250.4000, -85.078
1250.6000, -84.734
1250.8000, -91.130
1251.0000, -85.475
1251.2000, -83.888
1251.4000, -84.500
1251.6000, -84.611
1251.8000, -89.720
1252.0000,-210.000
1252.2000, -85.740
1252.4000, -83.381
1252.6000, -90.820
1252.8000, -84.535
1253.0000,-113.371
1253.2000, -85.839
1253.4000, -83.982
1253.6000, -98.235
1253.8000,-210.000
1254.0000, -84.868
1254.2000, -84.893
1254.4000, -83.481
1254.6000, -82.771
1254.8000, -83.407
1255.0000, -89.362
1255.2000, -84.643
1255.4000, -85.403
1255.6000, -81.634
1255.8000, -85.193
1256.0000, -86.571
1256.2000, -87.320
1256.4000, -83.133
1256.6000, -83.377
1256.8000,-210.000
1257.0000, -85.869
1257.2000, -88.790
1257.4000, -84.541
1257.6000, -86.142
1257.8000, -84.037
1258.0000, -82.638
1258.2000, -83.982
1258.4000, -85.180
1258.6000, -81.284
1258.8000, -83.473
1259.0000, -84.260
1259.2000, -90.381
1259.4000, -85.835
1259.6000, -86.369
1259.8000, -84.714
1260.0000, -82.683
1260.2000, -82.896
1260.4000, -81.488
1260.6000, -82.850
1260.8000, -85.006
1261.0000, -83.951
1261.2000, -84.647
1261.4000, -84.383
1261.6000, -83.836
1261.8000, -81.096
1262.0000, -81.668
1262.2000, -83.433
1262.4000, -82.839
1262.6000, -84.513
1262.8000, -83.342
1263.0000, -82.147
1263.2000, -83.580
1263.4000, -82.301
1263.6000, -81.959
1263.8000, -83.341
1264.0000, -82.232
1264.2000, -87.985
1264.4000, -84.861
1264.6000, -81.746
1264.8000, -82.553
1265.0000, -85.342
1265.2000, -83.116
1265.4000, -82.705
1265.6000, -82.143
1265.8000, -85.470
1266.0000, -83.908
1266.2000, -85.417
1266.4000, -84.665
1266.6000, -84.145
1266.8000, -83.626
1267.0000, -83.037
1267.2000, -82.903
1267.4000, -82.441
1267.6000, -83.968
1267.8000, -80.823
1268.0000, -83.329
1268.2000, -82.801
1268.4000, -82.553
1268.6000, -84.627
1268.8000, -83.999
1269.0000, -83.628
1269.2000, -83.412
1269.4000, -81.702
1269.6000, -81.639
1269.8000, -81.883
1270.0000, -82.088
1270.2000, -81.426
1270.4000, -83.632
1270.6000, -84.034
1270.8000, -82.370
1271.0000, -81.668
1271.2000, -82.795
1271.4000, -83.676
1271.6000, -82.794
1271.8000, -82.280
1272.0000, -84.229
1272.2000, -82.939
1272.4000, -85.297
1272.6000, -83.247
1272.8000, -81.939
1273.0000, -81.305
1273.2000, -83.846
1273.4000, -82.774
1273.6000, -84.725
1273.8000, -80.843
1274.0000, -81.460
1274.2000, -81.687
1274.4000, -83.270
1274.6000, -83.096
1274.8000, -80.974
1275.0000, -83.190
1275.2000, -84.343
1275.4000, -82.556
1275.6000, -81.247
1275.8000, -81.003
1276.0000, -82.146
1276.2000, -80.787
1276.4000, -81.192
1276.6000, -82.057
1276.8000, -80.697
1277.0000, -81.255
1277.2000, -81.303
1277.4000, -81.419
1277.6000, -82.522
1277.8000, -81.755
1278.0000, -83.193
1278.2000, -81.761
1278.4000, -81.417
1278.6000, -82.837
1278.8000, -82.178
1279.0000, -81.045
1279.2000, -81.374
1279.4000, -81.435
1279.6000, -81.943
1279.8000, -82.613
1280.0000, -82.219
1280.2000, -81.679
1280.4000, -81.217
1280.6000, -80.566
1280.8000, -81.158
1281.0000, -80.630
1281.2000, -79.683
1281.4000, -82.657
1281.6000, -81.079
1281.8000, -81.012
1282.0000, -81.821
1282.2000, -80.954
1282.4000, -80.912
1282.6000, -81.257
1282.8000, -82.285
1283.0000, -83.245
1283.2000, -81.316
1283.4000, -80.635
1283.6000, -80.900
1283.8000, -81.217
1284.0000, -80.260
1284.2000, -79.982
1284.4000, -82.262
1284.6000, -82.218
1284.8000, -79.944
1285.0000, -79.656
1285.2000, -81.269
1285.4000, -79.073
1285.6000, -80.979
1285.8000, -80.739
1286.0000, -79.578
1286.2000, -83.054
1286.4000, -80.799
1286.6000, -80.870
1286.8000, -81.651
1287.0000, -81.592
1287.2000, -79.442
1287.4000, -79.221
1287.6000, -79.976
1287.8000, -80.700
1288.0000, -80.151
1288.2000, -80.508
1288.4000, -82.923
1288.6000, -80.869
1288.8000, -79.920
1289.0000, -80.442
1289.2000, -81.009
1289.4000, -80.575
1289.6000, -81.739
1289.8000, -81.353
1290.0000, -80.219
1290.2000, -78.747
1290.4000, -80.217
1290.6000, -79.224
1290.8000, -79.633
1291.0000, -79.263
1291.2000, -79.597
1291.4000, -79.104
1291.6000, -79.588
1291.8000, -80.322
1292.0000, -79.049
1292.2000, -78.553
1292.4000, -80.643
1292.6000, -80.019
1292.8000, -78.968
1293.0000, -79.576
1293.2000, -80.612
1293.4000, -79.934
1293.6000, -79.124
1293.8000, -78.646
1294.0000, -78.803
1294.2000, -78.669
1294.4000, -80.107
1294.6000, -79.577
1294.8000, -78.519
1295.0000, -78.973
1295.2000, -79.685
1295.4000, -80.142
1295.6000, -79.017
1295.8000, -79.367
1296.0000, -78.672
1296.2000, -79.107
1296.4000, -78.529
1296.6000, -79.508
1296.8000, -78.527
1297.0000, -79.804
1297.2000, -79.334
1297.4000, -80.156
1297.6000, -78.263
1297.8000, -79.061
1298.0000, -79.637
1298.2000, -79.375
1298.4000, -78.919
1298.6000, -78.628
1298.8000, -79.001
1299.0000, -78.945
1299.2000, -79.363
1299.4000, -79.031
1299.6000, -79.191
1299.8000, -78.131
1300.0000, -78.794
1300.2000, -78.365
1300.4000, -79.011
1300.6000, -78.739
1300.8000, -77.631
1301.0000, -78.743
1301.2000, -78.758
1301.4000, -79.199
1301.6000, -79.193
1301.8000, -78.497
1302.0000, -78.761
1302.2000, -77.960
1302.4000, -78.299
1302.6000, -78.366
1302.8000, -78.071
1303.0000, -78.493
1303.2000, -77.821
1303.4000, -78.170
1303.6000, -77.551
1303.8000, -77.948
1304.0000, -77.998
1304.2000, -78.218
1304.4000, -78.503
1304.6000, -78.296
1304.8000, -77.687
1305.0000, -78.009
1305.2000, -77.546
1305.4000, -77.531
1305.6000, -77.194
1305.8000, -78.081
1306.0000, -77.920
1306.2000, -77.708
1306.4000, -78.399
1306.6000, -77.905
1306.8000, -77.953
1307.0000, -77.952
1307.2000, -78.185
1307.4000, -78.271
1307.6000, -78.163
1307.8000, -78.061
1308.0000, -78.352
1308.2000, -78.156
1308.4000, -77.749
1308.6000, -77.798
1308.8000, -77.849
1309.0000, -77.115
1309.2000, -77.422
1309.4000, -77.835
1309.6000, -77.018
1309.8000, -77.083
1310.0000, -77.363
1310.2000, -77.546
1310.4000, -78.082
1310.6000, -77.143
1310.8000, -76.986
1311.0000, -78.052
1311.2000, -77.777
1311.4000, -77.632
1311.6000, -77.696
1311.8000, -77.133
1312.0000, -76.851
1312.2000, -77.808
1312.4000, -76.736
1312.6000, -77.050
1312.8000, -77.250
1313.0000, -77.361
1313.2000, -77.138
1313.4000, -77.288
1313.6000, -76.660
1313.8000, -77.500
1314.0000, -77.498
1314.2000, -77.560
1314.4000, -76.554
1314.6000, -76.565
1314.8000, -76.579
1315.0000, -76.956
1315.2000, -76.624
1315.4000, -76.722
1315.6000, -76.710
1315.8000, -76.544
1316.0000, -76.717
1316.2000, -76.775
1316.4000, -76.711
1316.6000, -76.681
1316.8000, -76.131
1317.0000, -76.655
1317.2000, -76.557
1317.4000, -76.834
1317.6000, -76.890
1317.8000, -76.705
1318.0000, -76.173
1318.2000, -75.998
1318.4000, -76.897
1318.6000, -76.582
1318.8000, -76.140
1319.0000, -76.627
1319.2000, -76.601
1319.4000, -76.223
1319.6000, -76.265
1319.8000, -76.764
1320.0000, -76.266
1320.2000, -76.148
1320.4000, -76.326
1320.6000, -76.008
1320.8000, -75.925
1321.0000, -75.914
1321.2000, -76.380
1321.4000, -76.021
1321.6000, -76.008
1321.8000, -76.348
1322.0000, -75.815
1322.2000, -75.927
1322.4000, -76.679
1322.6000, -76.562
1322.8000, -76.171
1323.0000, -75.593
1323.2000, -76.071
1323.4000, -76.113
1323.6000, -76.322
1323.8000, -75.997
1324.0000, -75.590
1324.2000, -75.157
1324.4000, -75.675
1324.6000, -75.560
1324.8000, -75.700
1325.0000, -75.594
1325.2000, -75.340
1325.4000, -76.023
1325.6000, -75.729
1325.8000, -75.562
1326.0000, -75.590
1326.2000, -75.341
1326.4000, -75.128
1326.6000, -75.476
1326.8000, -75.845
1327.0000, -75.392
1327.2000, -75.647
1327.4000, -75.494
1327.6000, -75.630
1327.8000, -75.378
1328.0000, -75.237
1328.2000, -75.255
1328.4000, -75.968
1328.6000, -75.439
1328.8000, -74.864
1329.0000, -75.162
1329.2000, -75.105
1329.4000, -75.405
1329.6000, -75.204
1329.8000, -75.058
1330.0000, -74.872
1330.2000, -74.759
1330.4000, -74.733
1330.6000, -74.992
1330.8000, -75.216
1331.0000, -74.903
1331.2000, -75.090
1331.4000, -74.872
1331.6000, -75.185
1331.8000, -74.833
1332.0000, -74.871
1332.2000, -74.849
1332.4000, -74.720
1332.6000, -74.567
1332.8000, -75.050
1333.0000, -74.868
1333.2000, -74.864
1333.4000, -74.914
1333.6000, -74.389
1333.8000, -74.466
1334.0000, -74.446
1334.2000, -74.639
1334.4000, -74.809
1334.6000, -74.244
1334.8000, -74.520
1335.0000, -74.528
1335.2000, -74.394
1335.4000, -74.474
1335.6000, -74.462
1335.8000, -74.620
1336.0000, -74.264
1336.2000, -74.253
1336.4000, -74.483
1336.6000, -74.209
1336.8000, -74.396
1337.0000, -74.295
1337.2000, -74.356
1337.4000, -74.403
1337.6000, -74.224
1337.8000, -73.899
1338.0000, -73.934
1338.2000, -74.071
1338.4000, -74.056
1338.6000, -73.968
1338.8000, -73.827
1339.0000, -74.064
1339.2000, -73.756
1339.4000, -73.881
1339.6000, -73.880
1339.8000, -74.036
1340.0000, -73.625
1340.2000, -74.043
1340.4000, -74.061
1340.6000, -73.647
1340.8000, -73.462
1341.0000, -73.676
1341.2000, -73.812
1341.4000, -74.155
1341.6000, -73.887
1341.8000, -73.573
1342.0000, -73.780
1342.2000, -73.544
1342.4000, -73.542
1342.6000, -73.290
1342.8000, -73.410
1343.0000, -73.663
1343.2000, -73.537
1343.4000, -73.651
1343.6000, -73.651
1343.8000, -73.230
1344.0000, -73.236
1344.2000, -73.582
1344.4000, -73.417
1344.6000, -73.370
1344.8000, -73.324
1345.0000, -73.337
1345.2000, -73.184
1345.4000, -73.243
1345.6000, -73.159
1345.8000, -72.988
1346.0000, -73.384
1346.2000, -73.247
1346.4000, -73.209
1346.6000, -73.101
1346.8000, -73.026
1347.0000, -73.499
1347.2000, -72.944
1347.4000, -72.921
1347.6000, -72.903
1347.8000, -72.778
1348.0000, -73.171
1348.2000, -73.211
1348.4000, -72.899
1348.6000, -72.796
1348.8000, -72.769
1349.0000, -73.034
1349.2000, -72.611
1349.4000, -72.762
1349.6000, -72.681
1349.8000, -72.736
1350.0000, -72.987
1350.2000, -72.893
1350.4000, -72.724
1350.6000, -72.717
1350.8000, -72.694
1351.0000, -72.573
1351.2000, -72.323
1351.4000, -72.459
1351.6000, -72.551
1351.8000, -72.477
1352.0000, -72.558
1352.2000, -72.565
1352.4000, -72.393
1352.6000, -72.538
1352.8000, -72.389
1353.0000, -72.642
1353.2000, -72.470
1353.4000, -72.442
1353.6000, -72.351
1353.8000, -72.402
1354.0000, -72.564
1354.2000, -72.401
1354.4000, -72.757
1354.6000, -72.388
1354.8000, -72.516
1355.0000, -72.424
1355.2000, -72.350
1355.4000, -72.552
1355.6000, -72.352
1355.8000, -72.263
1356.0000, -72.465
1356.2000, -72.281
1356.4000, -72.091
1356.6000, -71.997
1356.8000, -72.105
1357.0000, -72.138
1357.2000, -72.190
1357.4000, -72.380
1357.6000, -72.230
1357.8000, -71.919
1358.0000, -71.996
1358.2000, -71.898
1358.4000, -71.799
1358.6000, -71.814
1358.8000, -71.844
1359.0000, -71.854
1359.2000, -71.909
1359.4000, -72.240
1359.6000, -71.827
1359.8000, -71.944
1360.0000, -71.792
1360.2000, -71.617
1360.4000, -71.889
1360.6000, -71.923
1360.8000, -71.772
1361.0000, -71.714
1361.2000, -71.940
1361.4000, -71.880
1361.6000, -71.998
1361.8000, -71.695
1362.0000, -72.381
1362.2000, -72.258
1362.4000, -71.958
1362.6000, -71.976
1362.8000, -71.658
1363.0000, -71.447
1363.2000, -71.221
1363.4000, -71.137
1363.6000, -71.087
1363.8000, -71.097
1364.0000, -71.219
1364.2000, -71.322
1364.4000, -71.459
1364.6000, -71.538
1364.8000, -71.663
1365.0000, -71.735
1365.2000, -71.482
1365.4000, -71.244
1365.6000, -71.034
1365.8000, -71.076
1366.0000, -70.949
1366.2000, -70.731
1366.4000, -70.753
1366.6000, -70.941
1366.8000, -70.871
1367.0000, -70.776
1367.2000, -70.962
1367.4000, -71.115
1367.6000, -70.923
1367.8000, -70.838
1368.0000, -70.968
1368.2000, -71.096
1368.4000, -71.078
1368.6000, -70.818
1368.8000, -70.852
1369.0000, -70.884
1369.2000, -70.360
1369.4000, -70.333
1369.6000, -70.621
1369.8000, -70.546
1370.0000, -70.456
1370.2000, -70.585
1370.4000, -70.553
1370.6000, -70.737
1370.8000, -70.557
1371.0000, -70.620
1371.2000, -70.486
1371.4000, -70.507
1371.6000, -70.261
1371.8000, -70.352
1372.0000, -70.291
1372.2000, -70.301
1372.4000, -70.215
1372.6000, -70.133
1372.8000, -70.047
1373.0000, -69.920
1373.2000, -69.993
1373.4000, -70.038
1373.6000, -69.908
1373.8000, -69.833
1374.0000, -69.779
1374.2000, -69.844
1374.4000, -69.740
1374.6000, -69.937
1374.8000, -69.824
1375.0000, -69.794
1375.2000, -69.719
1375.4000, -69.748
1375.6000, -69.738
1375.8000, -69.587
1376.0000, -69.640
1376.2000, -69.673
1376.4000, -69.704
1376.6000, -69.634
1376.8000, -69.645
1377.0000, -69.581
1377.2000, -69.662
1377.4000, -69.514
1377.6000, -69.354
1377.8000, -69.356
1378.0000, -69.359
1378.2000, -69.449
1378.4000, -69.645
1378.6000, -69.693
1378.8000, -69.706
1379.0000, -69.634
1379.2000, -69.472
1379.4000, -69.290
1379.6000, -69.115
1379.8000, -69.337
1380.0000, -69.255
1380.2000, -69.802
1380.4000, -70.042
1380.6000, -70.020
1380.8000, -70.053
1381.0000, -69.927
1381.2000, -69.615
1381.4000, -69.388
1381.6000, -69.280
1381.8000, -69.136
1382.0000, -69.332
1382.2000, -69.505
1382.4000, -69.841
1382.6000, -70.074
1382.8000, -69.957
1383.0000, -69.859
1383.2000, -69.547
1383.4000, -69.216
1383.6000, -69.176
1383.8000, -69.070
1384.0000, -69.036
1384.2000, -68.956
1384.4000, -68.911
1384.6000, -68.849
1384.8000, -69.111
1385.0000, -69.082
1385.2000, -69.004
1385.4000, -69.031
1385.6000, -68.769
1385.8000, -68.671
1386.0000, -68.557
1386.2000, -68.631
1386.4000, -68.496
1386.6000, -68.482
1386.8000, -68.403
1387.0000, -68.293
1387.2000, -68.283
1387.4000, -68.449
1387.6000, -68.461
1387.8000, -68.658
1388.0000, -68.713
1388.2000, -68.773
1388.4000, -68.578
1388.6000, -68.408
1388.8000, -68.234
1389.0000, -68.140
1389.2000, -67.991
1389.4000, -68.106
1389.6000, -68.134
1389.8000, -68.113
1390.0000, -68.065
1390.2000, -68.052
1390.4000, -67.978
1390.6000, -67.887
1390.8000, -67.822
1391.0000, -67.876
1391.2000, -67.824
1391.4000, -67.875
1391.6000, -67.851
1391.8000, -67.924
1392.0000, -68.131
1392.2000, -68.287
1392.4000, -68.271
1392.6000, -68.219
1392.8000, -68.061
1393.0000, -67.894
1393.2000, -67.612
1393.4000, -67.514
1393.6000, -67.541
1393.8000, -67.558
1394.0000, -67.590
1394.2000, -67.572
1394.4000, -67.592
1394.6000, -67.742
1394.8000, -67.793
1395.0000, -67.918
1395.2000, -67.944
1395.4000, -67.880
1395.6000, -67.614
1395.8000, -67.680
1396.0000, -67.684
1396.2000, -67.775
1396.4000, -67.748
1396.6000, -67.710
1396.8000, -67.642
1397.0000, -67.362
1397.2000, -67.139
1397.4000, -67.143
1397.6000, -67.071
1397.8000, -67.106
1398.0000, -66.970
1398.2000, -66.936
1398.4000, -66.944
1398.6000, -66.964
1398.8000, -66.954
1399.0000, -66.961
1399.2000, -67.075
1399.4000, -67.121
1399.6000, -67.191
1399.8000, -67.197
1400.0000, -67.138
1400.2000, -67.094
1400.4000, -67.318
1400.6000, -67.252
1400.8000, -67.195
1401.0000, -67.192
1401.2000, -67.068
1401.4000, -66.838
1401.6000, -66.762
1401.8000, -66.715
1402.0000, -66.634
1402.2000, -66.474
1402.4000, -66.517
1402.6000, -66.437
1402.8000, -66.403
1403.0000, -66.351
1403.2000, -66.313
1403.4000, -66.325
1403.6000, -66.332
1403.8000, -66.257
1404.0000, -66.303
1404.2000, -66.273
1404.4000, -66.366
1404.6000, -66.718
1404.8000, -66.697
1405.0000, -66.690
1405.2000, -66.631
1405.4000, -66.443
1405.6000, -66.058
1405.8000, -66.023
1406.0000, -65.956
1406.2000, -65.984
1406.4000, -65.997
1406.6000, -66.052
1406.8000, -66.044
1407.0000, -66.195
1407.2000, -66.243
1407.4000, -66.173
1407.6000, -66.006
1407.8000, -65.862
1408.0000, -65.735
1408.2000, -65.675
1408.4000, -65.675
1408.6000, -65.693
1408.8000, -65.737
1409.0000, -65.860
1409.2000, -65.932
1409.4000, -65.961
1409.6000, -65.926
1409.8000, -65.783
1410.0000, -65.556
1410.2000, -65.477
1410.4000, -65.376
1410.6000, -65.370
1410.8000, -65.306
1411.0000, -65.309
1411.2000, -65.296
1411.4000, -65.280
1411.6000, -65.198
1411.8000, -65.218
1412.0000, -65.219
1412.2000, -65.249
1412.4000, -65.157
1412.6000, -65.112
1412.8000, -65.064
1413.0000, -64.972
1413.2000, -65.019
1413.4000, -64.975
1413.6000, -64.992
1413.8000, -65.120
1414.0000, -65.083
1414.2000, -65.111
1414.4000, -65.099
1414.6000, -65.066
1414.8000, -64.939
1415.0000, -64.880
1415.2000, -64.802
1415.4000, -64.722
1415.6000, -64.649
1415.8000, -64.627
1416.0000, -64.568
1416.2000, -64.524
1416.4000, -64.517
1416.6000, -64.437
1416.8000, -64.456
1417.0000, -64.421
1417.2000, -64.483
1417.4000, -64.433
1417.6000, -64.468
1417.8000, -64.333
1418.0000, -64.330
1418.2000, -64.270
1418.4000, -64.260
1418.6000, -64.340
1418.8000, -64.316
1419.0000, -64.304
1419.2000, -64.282
1419.4000, -64.230
1419.6000, -64.176
1419.8000, -64.111
1420.0000, -64.070
1420.2000, -64.011
1420.4000, -63.987
1420.6000, -63.946
1420.8000, -63.921
1421.0000, -63.887
1421.2000, -63.854
1421.4000, -63.821
1421.6000, -63.773
1421.8000, -63.698
1422.0000, -63.696
1422.2000, -63.662
1422.4000, -63.678
1422.6000, -63.653
1422.8000, -63.630
1423.0000, -63.605
1423.2000, -63.598
1423.4000, -63.597
1423.6000, -63.600
1423.8000, -63.547
1424.0000, -63.506
1424.2000, -63.472
1424.4000, -63.405
1424.6000, -63.340
1424.8000, -63.271
1425.0000, -63.283
1425.2000, -63.283
1425.4000, -63.258
1425.6000, -63.215
1425.8000, -63.198
1426.0000, -63.159
1426.2000, -63.118
1426.4000, -63.079
1426.6000, -63.051
1426.8000, -63.018
1427.0000, -63.008
1427.2000, -62.995
1427.4000, -62.972
1427.6000, -62.929
1427.8000, -62.921
1428.0000, -62.900
1428.2000, -62.873
1428.4000, -62.854
1428.6000, -62.844
1428.8000, -62.789
1429.0000, -62.750
1429.2000, -62.718
1429.4000, -62.690
1429.6000, -62.673
1429.8000, -62.633
1430.0000, -62.614
1430.2000, -62.553
1430.4000, -62.534
1430.6000, -62.484
1430.8000, -62.484
1431.0000, -62.489
1431.2000, -62.493
1431.4000, -62.473
1431.6000, -62.480
1431.8000, -62.412
1432.0000, -62.426
1432.2000, -62.403
1432.4000, -62.348
1432.6000, -62.323
1432.8000, -62.295
1433.0000, -62.195
1433.2000, -62.172
1433.4000, -62.134
1433.6000, -62.133
1433.8000, -62.101
1434.0000, -62.151
1434.2000, -62.121
1434.4000, -62.101
1434.6000, -62.068
1434.8000, -62.014
1435.0000, -61.947
1435.2000, -61.908
1435.4000, -61.888
1435.6000, -61.859
1435.8000, -61.835
1436.0000, -61.824
1436.2000, -61.804
1436.4000, -61.781
1436.6000, -61.734
1436.8000, -61.700
1437.0000, -61.685
1437.2000, -61.687
1437.4000, -61.700
1437.6000, -61.689
1437.8000, -61.661
1438.0000, -61.607
1438.2000, -61.576
1438.4000, -61.493
1438.6000, -61.433
1438.8000, -61.424
1439.0000, -61.426
1439.2000, -61.416
1439.4000, -61.398
1439.6000, -61.369
1439.8000, -61.344
1440.0000, -61.288
1440.2000, -61.242
1440.4000, -61.213
1440.6000, -61.188
1440.8000, -61.159
1441.0000, -61.142
1441.2000, -61.157
1441.4000, -61.144
1441.6000, -61.111
1441.8000, -61.070
1442.0000, -60.991
1442.2000, -60.965
1442.4000, -60.939
1442.6000, -60.949
1442.8000, -60.929
1443.0000, -60.880
1443.2000, -60.833
1443.4000, -60.791
1443.6000, -60.746
1443.8000, -60.713
1444.0000, -60.710
1444.2000, -60.674
1444.4000, -60.651
1444.6000, -60.603
1444.8000, -60.571
1445.0000, -60.545
1445.2000, -60.554
1445.4000, -60.597
1445.6000, -60.580
1445.8000, -60.561
1446.0000, -60.532
1446.2000, -60.428
1446.4000, -60.325
1446.6000, -60.302
1446.8000, -60.273
1447.0000, -60.258
1447.2000, -60.224
1447.4000, -60.190
1447.6000, -60.159
1447.8000, -60.136
1448.0000, -60.098
1448.2000, -60.069
1448.4000, -60.039
1448.6000, -60.005
1448.8000, -59.986
1449.0000, -59.935
1449.2000, -59.915
1449.4000, -59.867
1449.6000, -59.842
1449.8000, -59.816
1450.0000, -59.803
1450.2000, -59.809
1450.4000, -59.798
1450.6000, -59.768
1450.8000, -59.740
1451.0000, -59.686
1451.2000, -59.601
1451.4000, -59.553
1451.6000, -59.508
1451.8000, -59.472
1452.0000, -59.428
1452.2000, -59.394
1452.4000, -59.368
1452.6000, -59.340
1452.8000, -59.305
1453.0000, -59.262
1453.2000, -59.222
1453.4000, -59.187
1453.6000, -59.150
1453.8000, -59.111
1454.0000, -59.086
1454.2000, -59.055
1454.4000, -59.006
1454.6000, -58.983
1454.8000, -58.946
1455.0000, -58.939
1455.2000, -58.902
1455.4000, -58.864
1455.6000, -58.828
1455.8000, -58.763
1456.0000, -58.712
1456.2000, -58.675
1456.4000, -58.630
1456.6000, -58.595
1456.8000, -58.563
1457.0000, -58.536
1457.2000, -58.493
1457.4000, -58.456
1457.6000, -58.425
1457.8000, -58.379
1458.0000, -58.336
1458.2000, -58.301
1458.4000, -58.261
1458.6000, -58.225
1458.8000, -58.184
1459.0000, -58.153
1459.2000, -58.116
1459.4000, -58.076
1459.6000, -58.046
1459.8000, -58.007
1460.0000, -57.987
1460.2000, -57.958
1460.4000, -57.910
1460.6000, -57.880
1460.8000, -57.821
1461.0000, -57.776
1461.2000, -57.738
1461.4000, -57.701
1461.6000, -57.659
1461.8000, -57.614
1462.0000, -57.580
1462.2000, -57.534
1462.4000, -57.497
1462.6000, -57.453
1462.8000, -57.439
1463.0000, -57.416
1463.2000, -57.387
1463.4000, -57.341
1463.6000, -57.296
1463.8000, -57.224
1464.0000, -57.187
1464.2000, -57.139
1464.4000, -57.087
1464.6000, -57.051
1464.8000, -57.021
1465.0000, -56.998
1465.2000, -56.957
1465.4000, -56.913
1465.6000, -56.872
1465.8000, -56.807
1466.0000, -56.766
1466.2000, -56.741
1466.4000, -56.705
1466.6000, -56.680
1466.8000, -56.656
1467.0000, -56.601
1467.2000, -56.562
1467.4000, -56.533
1467.6000, -56.483
1467.8000, -56.442
1468.0000, -56.401
1468.2000, -56.355
1468.4000, -56.300
1468.6000, -56.256
1468.8000, -56.215
1469.0000, -56.170
1469.2000, -56.155
1469.4000, -56.145
1469.6000, -56.094
1469.8000, -56.053
1470.0000, -55.998
1470.2000, -55.925
1470.4000, -55.919
1470.6000, -55.882
1470.8000, -55.863
1471.0000, -55.820
1471.2000, -55.743
1471.4000, -55.679
1471.6000, -55.614
1471.8000, -55.562
1472.0000, -55.555
1472.2000, -55.523
1472.4000, -55.477
1472.6000, -55.428
1472.8000, -55.365
1473.0000, -55.284
1473.2000, -55.233
1473.4000, -55.198
1473.6000, -55.146
1473.8000, -55.093
1474.0000, -55.044
1474.2000, -54.982
1474.4000, -54.926
1474.6000, -54.869
1474.8000, -54.811
1475.0000, -54.758
1475.2000, -54.697
1475.4000, -54.665
1475.6000, -54.620
1475.8000, -54.561
1476.0000, -54.510
1476.2000, -54.464
1476.4000, -54.399
1476.6000, -54.351
1476.8000, -54.320
1477.0000, -54.275
1477.2000, -54.225
1477.4000, -54.179
1477.6000, -54.140
1477.8000, -54.091
1478.0000, -54.040
1478.2000, -53.981
1478.4000, -53.893
1478.6000, -53.823
1478.8000, -53.780
1479.0000, -53.714
1479.2000, -53.680
1479.4000, -53.624
1479.6000, -53.569
1479.8000, -53.518
1480.0000, -53.467
1480.2000, -53.412
1480.4000, -53.366
1480.6000, -53.308
1480.8000, -53.237
1481.0000, -53.159
1481.2000, -53.085
1481.4000, -53.048
1481.6000, -52.993
1481.8000, -52.938
1482.0000, -52.870
1482.2000, -52.804
1482.4000, -52.734
1482.6000, -52.661
1482.8000, -52.592
1483.0000, -52.533
1483.2000, -52.465
1483.4000, -52.399
1483.6000, -52.327
1483.8000, -52.267
1484.0000, -52.210
1484.2000, -52.148
1484.4000, -52.084
1484.6000, -52.022
1484.8000, -51.955
1485.0000, -51.888
1485.2000, -51.816
1485.4000, -51.745
1485.6000, -51.694
1485.8000, -51.627
1486.0000, -51.556
1486.2000, -51.490
1486.4000, -51.432
1486.6000, -51.365
1486.8000, -51.289
1487.0000, -51.213
1487.2000, -51.131
1487.4000, -51.059
1487.6000, -50.991
1487.8000, -50.915
1488.0000, -50.845
1488.2000, -50.782
1488.4000, -50.708
1488.6000, -50.636
1488.8000, -50.556
1489.0000, -50.499
1489.2000, -50.437
1489.4000, -50.378
1489.6000, -50.308
1489.8000, -50.243
1490.0000, -50.176
1490.2000, -50.088
1490.4000, -50.011
1490.6000, -49.936
1490.8000, -49.868
1491.0000, -49.797
1491.2000, -49.724
1491.4000, -49.650
1491.6000, -49.576
1491.8000, -49.499
1492.0000, -49.407
1492.2000, -49.333
1492.4000, -49.269
1492.6000, -49.202
1492.8000, -49.121
1493.0000, -49.053
1493.2000, -48.980
1493.4000, -48.912
1493.6000, -48.836
1493.8000, -48.761
1494.0000, -48.690
1494.2000, -48.618
1494.4000, -48.543
1494.6000, -48.462
1494.8000, -48.388
1495.0000, -48.318
1495.2000, -48.243
1495.4000, -48.153
1495.6000, -48.084
1495.8000, -48.014
1496.0000, -47.938
1496.2000, -47.861
1496.4000, -47.784
1496.6000, -47.711
1496.8000, -47.639
1497.0000, -47.556
1497.2000, -47.476
1497.4000, -47.397
1497.6000, -47.330
1497.8000, -47.256
1498.0000, -47.178
1498.2000, -47.103
1498.4000, -47.034
1498.6000, -46.958
1498.8000, -46.866
1499.0000, -46.805
1499.2000, -46.736
1499.4000, -46.663
1499.6000, -46.585
1499.8000, -46.511
1500.0000, -46.439
1500.2000, -46.366
1500.4000, -46.288
1500.6000, -46.210
1500.8000, -46.136
1501.0000, -46.066
1501.2000, -45.989
1501.4000, -45.909
1501.6000, -45.837
1501.8000, -45.765
1502.0000, -45.682
1502.2000, -45.600
1502.4000, -45.531
1502.6000, -45.459
1502.8000, -45.385
1503.0000, -45.308
1503.2000, -45.230
1503.4000, -45.159
1503.6000, -45.087
1503.8000, -45.010
1504.0000, -44.934
1504.2000, -44.867
1504.4000, -44.797
1504.6000, -44.724
1504.8000, -44.652
1505.0000, -44.584
1505.2000, -44.517
1505.4000, -44.431
1505.6000, -44.372
1505.8000, -44.304
1506.0000, -44.240
1506.2000, -44.165
1506.4000, -44.090
1506.6000, -44.019
1506.8000, -43.953
1507.0000, -43.883
1507.2000, -43.809
1507.4000, -43.738
1507.6000, -43.672
1507.8000, -43.602
1508.0000, -43.531
1508.2000, -43.459
1508.4000, -43.392
1508.6000, -43.316
1508.8000, -43.246
1509.0000, -43.179
1509.2000, -43.111
1509.4000, -43.043
1509.6000, -42.970
1509.8000, -42.901
1510.0000, -42.832
1510.2000, -42.768
1510.4000, -42.699
1510.6000, -42.628
1510.8000, -42.564
1511.0000, -42.502
1511.2000, -42.433
1511.4000, -42.358
1511.6000, -42.297
1511.8000, -42.236
1512.0000, -42.154
1512.2000, -42.096
1512.4000, -42.035
1512.6000, -41.975
1512.8000, -41.909
1513.0000, -41.842
1513.2000, -41.777
1513.4000, -41.714
1513.6000, -41.652
1513.8000, -41.584
1514.0000, -41.516
1514.2000, -41.459
1514.4000, -41.397
1514.6000, -41.331
1514.8000, -41.266
1515.0000, -41.206
1515.2000, -41.133
1515.4000, -41.079
1515.6000, -41.014
1515.8000, -40.955
1516.0000, -40.896
1516.2000, -40.831
1516.4000, -40.767
1516.6000, -40.706
1516.8000, -40.646
1517.0000, -40.583
1517.2000, -40.520
1517.4000, -40.459
1517.6000, -40.401
1517.8000, -40.339
1518.0000, -40.276
1518.2000, -40.217
1518.4000, -40.152
1518.6000, -40.102
1518.8000, -40.044
1519.0000, -39.987
1519.2000, -39.931
1519.4000, -39.873
1519.6000, -39.814
1519.8000, -39.758
1520.0000, -39.705
1520.2000, -39.648
1520.4000, -39.582
1520.6000, -39.527
1520.8000, -39.473
1521.0000, -39.413
1521.2000, -39.357
1521.4000, -39.298
1521.6000, -39.238
1521.8000, -39.186
1522.0000, -39.132
1522.2000, -39.075
1522.4000, -39.021
1522.6000, -38.969
1522.8000, -38.913
1523.0000, -38.855
1523.2000, -38.807
1523.4000, -38.754
1523.6000, -38.701
1523.8000, -38.648
1524.0000, -38.597
1524.2000, -38.548
1524.4000, -38.492
1524.6000, -38.439
1524.8000, -38.382
1525.0000, -38.332
1525.2000, -38.286
1525.4000, -38.231
1525.6000, -38.181
1525.8000, -38.133
1526.0000, -38.082
1526.2000, -38.031
1526.4000, -37.982
1526.6000, -37.937
1526.8000, -37.888
1527.0000, -37.838
1527.2000, -37.792
1527.4000, -37.747
1527.6000, -37.699
1527.8000, -37.641
1528.0000, -37.598
1528.2000, -37.552
1528.4000, -37.507
1528.6000, -37.461
1528.8000, -37.414
1529.0000, -37.367
1529.2000, -37.322
1529.4000, -37.274
1529.6000, -37.221
1529.8000, -37.176
1530.0000, -37.139
1530.2000, -37.093
1530.4000, -37.045
1530.6000, -37.003
1530.8000, -36.959
1531.0000, -36.912
1531.2000, -36.869
1531.4000, -36.825
1531.6000, -36.783
1531.8000, -36.738
1532.0000, -36.695
1532.2000, -36.652
1532.4000, -36.612
1532.6000, -36.566
1532.8000, -36.520
1533.0000, -36.482
1533.2000, -36.438
1533.4000, -36.394
1533.6000, -36.351
1533.8000, -36.314
1534.0000, -36.273
1534.2000, -36.228
1534.4000, -36.179
1534.6000, -36.145
1534.8000, -36.100
1535.0000, -36.064
1535.2000, -36.021
1535.4000, -35.982
1535.6000, -35.943
1535.8000, -35.900
1536.0000, -35.859
1536.2000, -35.821
1536.4000, -35.782
1536.6000, -35.742
1536.8000, -35.702
1537.0000, -35.666
1537.2000, -35.628
1537.4000, -35.588
1537.6000, -35.540
1537.8000, -35.511
1538.0000, -35.474
1538.2000, -35.436
1538.4000, -35.399
1538.6000, -35.362
1538.8000, -35.326
1539.0000, -35.289
1539.2000, -35.252
1539.4000, -35.219
1539.6000, -35.185
1539.8000, -35.148
1540.0000, -35.111
1540.2000, -35.078
1540.4000, -35.042
1540.6000, -35.006
1540.8000, -34.961
1541.0000, -34.936
1541.2000, -34.902
1541.4000, -34.866
1541.6000, -34.831
1541.8000, -34.797
1542.0000, -34.765
1542.2000, -34.732
1542.4000, -34.701
1542.6000, -34.670
1542.8000, -34.640
1543.0000, -34.610
1543.2000, -34.579
1543.4000, -34.550
1543.6000, -34.521
1543.8000, -34.485
1544.0000, -34.458
1544.2000, -34.427
1544.4000, -34.405
1544.6000, -34.374
1544.8000, -34.346
1545.0000, -34.321
1545.2000, -34.293
1545.4000, -34.266
1545.6000, -34.238
1545.8000, -34.208
1546.0000, -34.188
1546.2000, -34.159
1546.4000, -34.134
1546.6000, -34.108
1546.8000, -34.084
1547.0000, -34.052
1547.2000, -34.034
1547.4000, -34.011
1547.6000, -33.987
1547.8000, -33.961
1548.0000, -33.939
1548.2000, -33.917
1548.4000, -33.895
1548.6000, -33.872
1548.8000, -33.852
1549.0000, -33.833
1549.2000, -33.812
1549.4000, -33.791
1549.6000, -33.772
1549.8000, -33.754
1550.0000, -33.731
1550.2000, -33.711
1550.4000, -33.696
1550.6000, -33.676
1550.8000, -33.656
1551.0000, -33.637
1551.2000, -33.618
1551.4000, -33.601
1551.6000, -33.583
1551.8000, -33.566
1552.0000, -33.549
1552.2000, -33.531
1552.4000, -33.514
1552.6000, -33.496
1552.8000, -33.479
1553.0000, -33.463
1553.2000, -33.440
1553.4000, -33.431
1553.6000, -33.416
1553.8000, -33.402
1554.0000, -33.388
1554.2000, -33.375
1554.4000, -33.363
1554.6000, -33.352
1554.8000, -33.340
1555.0000, -33.328
1555.2000, -33.317
1555.4000, -33.306
1555.6000, -33.297
1555.8000, -33.287
1556.0000, -33.277
1556.2000, -33.263
1556.4000, -33.259
1556.6000, -33.252
1556.8000, -33.245
1557.0000, -33.237
1557.2000, -33.230
1557.4000, -33.223
1557.6000, -33.217
1557.8000, -33.212
1558.0000, -33.205
1558.2000, -33.201
1558.4000, -33.196
1558.6000, -33.193
1558.8000, -33.184
1559.0000, -33.185
1559.2000, -33.178
1559.4000, -33.177
1559.6000, -33.179
1559.8000, -33.177
1560.0000, -33.177
1560.2000, -33.179
1560.4000, -33.180
1560.6000, -33.182
1560.8000, -33.185
1561.0000, -33.189
1561.2000, -33.192
1561.4000, -33.196
1561.6000, -33.202
1561.8000, -33.207
1562.0000, -33.213
1562.2000, -33.217
1562.4000, -33.218
1562.6000, -33.231
1562.8000, -33.238
1563.0000, -33.245
1563.2000, -33.254
1563.4000, -33.264
1563.6000, -33.273
1563.8000, -33.283
1564.0000, -33.292
1564.2000, -33.301
1564.4000, -33.311
1564.6000, -33.321
1564.8000, -33.333
1565.0000, -33.344
1565.2000, -33.354
1565.4000, -33.360
1565.6000, -33.382
1565.8000, -33.394
1566.0000, -33.411
1566.2000, -33.426
1566.4000, -33.443
1566.6000, -33.461
1566.8000, -33.477
1567.0000, -33.496
1567.2000, -33.517
1567.4000, -33.535
1567.6000, -33.554
1567.8000, -33.575
1568.0000, -33.596
1568.2000, -33.617
1568.4000, -33.632
1568.6000, -33.657
1568.8000, -33.684
1569.0000, -33.708
1569.2000, -33.730
1569.4000, -33.757
1569.6000, -33.782
1569.8000, -33.805
1570.0000, -33.831
1570.2000, -33.858
1570.4000, -33.885
1570.6000, -33.912
1570.8000, -33.938
1571.0000, -33.969
1571.2000, -33.996
1571.4000, -34.019
1571.6000, -34.056
1571.8000, -34.088
1572.0000, -34.118
1572.2000, -34.148
1572.4000, -34.179
1572.6000, -34.213
1572.8000, -34.243
1573.0000, -34.278
1573.2000, -34.311
1573.4000, -34.346
1573.6000, -34.380
1573.8000, -34.413
1574.0000, -34.452
1574.2000, -34.486
1574.4000, -34.516
1574.6000, -34.560
1574.8000, -34.599
1575.0000, -34.639
1575.2000, -34.675
1575.4000, -34.718
1575.6000, -34.759
1575.8000, -34.797
1576.0000, -34.838
1576.2000, -34.881
1576.4000, -34.927
1576.6000, -34.966
1576.8000, -35.011
1577.0000, -35.058
1577.2000, -35.099
1577.4000, -35.142
1577.6000, -35.190
1577.8000, -35.239
1578.0000, -35.285
1578.2000, -35.329
1578.4000, -35.378
1578.6000, -35.429
1578.8000, -35.475
1579.0000, -35.524
1579.2000, -35.577
1579.4000, -35.624
1579.6000, -35.673
1579.8000, -35.724
1580.0000, -35.779
1580.2000, -35.826
1580.4000, -35.879
1580.6000, -35.937
1580.8000, -35.993
1581.0000, -36.045
1581.2000, -36.097
1581.4000, -36.155
1581.6000, -36.213
1581.8000, -36.267
1582.0000, -36.324
1582.2000, -36.386
1582.4000, -36.443
1582.6000, -36.499
1582.8000, -36.559
1583.0000, -36.624
1583.2000, -36.677
1583.4000, -36.740
1583.6000, -36.804
1583.8000, -36.870
1584.0000, -36.933
1584.2000, -36.993
1584.4000, -37.061
1584.6000, -37.126
1584.8000, -37.189
1585.0000, -37.252
1585.2000, -37.321
1585.4000, -37.389
1585.6000, -37.454
1585.8000, -37.524
1586.0000, -37.591
1586.2000, -37.661
1586.4000, -37.730
1586.6000, -37.803
1586.8000, -37.876
1587.0000, -37.943
1587.2000, -38.014
1587.4000, -38.091
1587.6000, -38.163
1587.8000, -38.234
1588.0000, -38.309
1588.2000, -38.388
1588.4000, -38.460
1588.6000, -38.533
1588.8000, -38.611
1589.0000, -38.684
1589.2000, -38.764
1589.4000, -38.841
1589.6000, -38.923
1589.8000, -39.004
1590.0000, -39.077
1590.2000, -39.159
1590.4000, -39.242
1590.6000, -39.320
1590.8000, -39.400
1591.0000, -39.486
1591.2000, -39.568
1591.4000, -39.646
1591.6000, -39.727
1591.8000, -39.812
1592.0000, -39.898
1592.2000, -39.981
1592.4000, -40.071
1592.6000, -40.163
1592.8000, -40.249
1593.0000, -40.335
1593.2000, -40.429
1593.4000, -40.519
1593.6000, -40.607
1593.8000, -40.695
1594.0000, -40.791
1594.2000, -40.882
1594.4000, -40.968
1594.6000, -41.060
1594.8000, -41.147
1595.0000, -41.241
1595.2000, -41.327
1595.4000, -41.423
1595.6000, -41.520
1595.8000, -41.605
1596.0000, -41.701
1596.2000, -41.801
1596.4000, -41.897
1596.6000, -41.988
1596.8000, -42.087
1597.0000, -42.186
1597.2000, -42.281
1597.4000, -42.376
1597.6000, -42.473
1597.8000, -42.576
1598.0000, -42.671
1598.2000, -42.768
1598.4000, -42.870
1598.6000, -42.966
1598.8000, -43.062
1599.0000, -43.164
1599.2000, -43.266
1599.4000, -43.361
1599.6000, -43.461
1599.8000, -43.565
1600.0000, -43.668
1600.2000, -43.765
1600.4000, -43.864
1600.6000, -43.975
1600.8000, -44.074
1601.0000, -44.175
1601.2000, -44.282
1601.4000, -44.390
1601.6000, -44.488
1601.8000, -44.595
1602.0000, -44.705
1602.2000, -44.811
1602.4000, -44.912
1602.6000, -45.023
1602.8000, -45.130
1603.0000, -45.234
1603.2000, -45.335
1603.4000, -45.450
1603.6000, -45.557
1603.8000, -45.659
1604.0000, -45.770
1604.2000, -45.880
1604.4000, -45.984
1604.6000, -46.089
1604.8000, -46.202
1605.0000, -46.310
1605.2000, -46.416
1605.4000, -46.524
1605.6000, -46.639
1605.8000, -46.747
1606.0000, -46.848
1606.2000, -46.965
1606.4000, -47.078
1606.6000, -47.186
1606.8000, -47.298
1607.0000, -47.414
1607.2000, -47.522
1607.4000, -47.630
1607.6000, -47.747
1607.8000, -47.860
1608.0000, -47.967
1608.2000, -48.084
1608.4000, -48.203
1608.6000, -48.313
1608.8000, -48.417
1609.0000, -48.533
1609.2000, -48.650
1609.4000, -48.758
1609.6000, -48.869
1609.8000, -48.987
1610.0000, -49.101
1610.2000, -49.204
1610.4000, -49.320
1610.6000, -49.443
1610.8000, -49.545
1611.0000, -49.655
1611.2000, -49.772
1611.4000, -49.883
1611.6000, -49.988
1611.8000, -50.111
1612.0000, -50.226
1612.2000, -50.333
1612.4000, -50.442
1612.6000, -50.559
1612.8000, -50.668
1613.0000, -50.777
1613.2000, -50.892
1613.4000, -51.045
1613.6000, -51.119
1613.8000, -51.227
1614.0000, -51.344
1614.2000, -51.458
1614.4000, -51.556
1614.6000, -51.678
1614.8000, -51.789
1615.0000, -51.895
1615.2000, -52.004
1615.4000, -52.123
1615.6000, -52.236
1615.8000, -52.340
1616.0000, -52.453
1616.2000, -52.565
1616.4000, -52.668
1616.6000, -52.777
1616.8000, -52.888
1617.0000, -52.999
1617.2000, -53.095
1617.4000, -53.211
1617.6000, -53.325
1617.8000, -53.424
1618.0000, -53.538
1618.2000, -53.649
1618.4000, -53.756
1618.6000, -53.856
1618.8000, -53.967
1619.0000, -54.077
1619.2000, -54.176
1619.4000, -54.282
1619.6000, -54.394
1619.8000, -54.493
1620.0000, -54.591
1620.2000, -54.707
1620.4000, -54.809
1620.6000, -54.900
1620.8000, -55.004
1621.0000, -55.112
1621.2000, -55.208
1621.4000, -55.310
1621.6000, -55.414
1621.8000, -55.514
1622.0000, -55.609
1622.2000, -55.709
1622.4000, -55.822
1622.6000, -55.908
1622.8000, -56.012
1623.0000, -56.108
1623.2000, -56.208
1623.4000, -56.305
1623.6000, -56.396
1623.8000, -56.505
1624.0000, -56.601
1624.2000, -56.691
1624.4000, -56.794
1624.6000, -56.890
1624.8000, -56.981
1625.0000, -57.080
1625.2000, -57.172
1625.4000, -57.267
1625.6000, -57.357
1625.8000, -57.461
1626.0000, -57.546
1626.2000, -57.639
1626.4000, -57.723
1626.6000, -57.821
1626.8000, -57.913
1627.0000, -58.004
1627.2000, -58.098
1627.4000, -58.184
1627.6000, -58.268
1627.8000, -58.378
1628.0000, -58.461
1628.2000, -58.560
1628.4000, -58.640
1628.6000, -58.736
1628.8000, -58.808
1629.0000, -58.894
1629.2000, -58.984
1629.4000, -59.079
1629.6000, -59.156
1629.8000, -59.254
1630.0000, -59.352
1630.2000, -59.431
1630.4000, -59.516
1630.6000, -59.599
1630.8000, -59.691
1631.0000, -59.765
1631.2000, -59.859
1631.4000, -59.937
1631.6000, -60.022
1631.8000, -60.124
1632.0000, -60.203
1632.2000, -60.283
1632.4000, -60.371
1632.6000, -60.458
1632.8000, -60.544
1633.0000, -60.625
1633.2000, -60.686
1633.4000, -60.765
1633.6000, -60.851
1633.8000, -60.932
1634.0000, -61.013
1634.2000, -61.102
1634.4000, -61.184
1634.6000, -61.267
1634.8000, -61.305
1635.0000, -61.397
1635.2000, -61.474
1635.4000, -61.569
1635.6000, -61.686
1635.8000, -61.719
1636.0000, -61.794
1636.2000, -61.882
1636.4000, -61.949
1636.6000, -62.043
1636.8000, -62.091
1637.0000, -62.167
1637.2000, -62.274
1637.4000, -62.320
1637.6000, -62.411
1637.8000, -62.502
1638.0000, -62.553
1638.2000, -62.620
1638.4000, -62.701
1638.6000, -62.783
1638.8000, -62.857
1639.0000, -62.940
1639.2000, -63.033
1639.4000, -63.056
1639.6000, -63.196
1639.8000, -63.224
1640.0000, -63.266
1640.2000, -63.352
1640.4000, -63.421
1640.6000, -63.516
1640.8000, -63.570
1641.0000, -63.614
1641.2000, -63.731
1641.4000, -63.771
1641.6000, -63.860
1641.8000, -63.921
1642.0000, -63.997
1642.2000, -64.091
1642.4000, -64.159
1642.6000, -64.180
1642.8000, -64.268
1643.0000, -64.359
1643.2000, -64.396
1643.4000, -64.446
1643.6000, -64.545
1643.8000, -64.605
1644.0000, -64.579
1644.2000, -64.692
1644.4000, -64.750
1644.6000, -64.882
1644.8000, -64.929
1645.0000, -64.958
1645.2000, -65.055
1645.4000, -65.100
1645.6000, -65.191
1645.8000, -65.244
1646.0000, -65.315
1646.2000, -65.396
1646.4000, -65.434
1646.6000, -65.510
1646.8000, -65.532
1647.0000, -65.599
1647.2000, -65.666
1647.4000, -65.685
1647.6000, -65.720
1647.8000, -65.822
1648.0000, -65.946
1648.2000, -65.973
1648.4000, -66.012
1648.6000, -66.094
1648.8000, -66.121
1649.0000, -66.227
1649.2000, -66.198
1649.4000, -66.317
1649.6000, -66.299
1649.8000, -66.361
1650.0000, -66.418
1650.2000, -66.500
1650.4000, -66.495
1650.6000, -66.662
1650.8000, -66.674
1651.0000, -66.781
1651.2000, -66.899
1651.4000, -66.752
1651.6000, -66.898
1651.8000, -66.850
1652.0000, -67.038
1652.2000, -67.118
1652.4000, -67.188
1652.6000, -67.198
1652.8000, -67.185
1653.0000, -67.261
1653.2000, -67.340
1653.4000, -67.223
1653.6000, -67.609
1653.8000, -67.532
1654.0000, -67.678
1654.2000, -67.920
1654.4000, -67.590
1654.6000, -67.495
1654.8000, -67.721
1655.0000, -67.965
1655.2000, -67.901
1655.4000, -67.878
1655.6000, -67.905
1655.8000, -68.191
1656.0000, -68.252
1656.2000, -68.042
1656.4000, -68.146
1656.6000, -68.293
1656.8000, -68.398
1657.0000, -68.476
1657.2000, -68.371
1657.4000, -68.574
1657.6000, -68.548
1657.8000, -68.693
1658.0000, -68.551
1658.2000, -68.497
1658.4000, -68.686
1658.6000, -68.976
1658.8000, -68.432
1659.0000, -68.727
1659.2000, -68.945
1659.4000, -68.952
1659.6000, -69.215
1659.8000, -68.747
1660.0000, -69.260
1660.2000, -69.103
1660.4000, -69.360
1660.6000, -69.370
1660.8000, -69.638
1661.0000, -69.114
1661.2000, -69.083
1661.4000, -69.238
1661.6000, -69.166
1661.8000, -70.140
1662.0000, -70.170
1662.2000, -70.277
1662.4000, -70.325
1662.6000, -69.551
1662.8000, -69.800
1663.0000, -69.934
1663.2000, -70.048
1663.4000, -69.953
1663.6000, -70.068
1663.8000, -70.409
1664.0000, -69.944
1664.2000, -70.158
1664.4000, -70.039
1664.6000, -70.035
1664.8000, -69.979
1665.0000, -70.174
1665.2000, -70.420
1665.4000, -70.409
1665.6000, -70.324
1665.8000, -70.703
1666.0000, -70.667
1666.2000, -71.394
1666.4000, -70.704
1666.6000, -70.734
1666.8000, -70.658
1667.0000, -70.997
1667.2000, -71.048
1667.4000, -71.171
1667.6000, -70.446
1667.8000, -71.192
1668.0000, -70.898
1668.2000, -70.227
1668.4000, -70.372
1668.6000, -72.146
1668.8000, -70.699
1669.0000, -71.363
1669.2000, -72.272
1669.4000, -71.766
1669.6000, -71.537
1669.8000, -71.803
1670.0000, -71.945
1670.2000, -71.247
1670.4000, -71.833
1670.6000, -71.092
1670.8000, -72.088
1671.0000, -72.224
1671.2000, -70.383
1671.4000, -70.675
1671.6000, -71.674
1671.8000, -72.750
1672.0000, -73.229
1672.2000, -71.347
1672.4000, -71.226
1672.6000, -71.148
1672.8000, -72.074
1673.0000, -71.951
1673.2000, -73.496
1673.4000, -72.262
1673.6000, -72.840
1673.8000, -71.609
1674.0000, -72.314
1674.2000, -74.166
1674.4000, -72.586
1674.6000, -70.542
1674.8000, -73.772
1675.0000, -71.306
1675.2000, -72.810
1675.4000, -72.081
1675.6000, -71.904
1675.8000, -71.397
1676.0000, -72.442
1676.2000, -72.128
1676.4000, -71.385
1676.6000, -73.980
1676.8000, -69.861
1677.0000, -72.054
1677.2000, -73.150
1677.4000, -71.843
1677.6000, -75.043
1677.8000, -70.859
1678.0000, -71.609
1678.2000, -72.370
1678.4000, -76.556
1678.6000, -72.965
1678.8000, -71.010
1679.0000, -72.384
1679.2000, -75.124
1679.4000, -72.024
1679.6000, -72.451
1679.8000, -75.318
1680.0000, -74.120
1680.2000, -74.509
1680.4000, -79.617
1680.6000, -74.572
1680.8000, -74.019
1681.0000, -78.981
1681.2000, -73.008
1681.4000, -78.510
1681.6000, -73.381
1681.8000, -77.079
1682.0000, -72.453
1682.2000, -79.939
1682.4000, -71.851
1682.6000, -72.460
1682.8000, -74.841
1683.0000, -70.566
1683.2000, -75.184
1683.4000, -76.102
1683.6000, -77.604
1683.8000, -70.191
1684.0000, -74.307
1684.2000, -73.452
1684.4000, -72.019
1684.6000, -69.680
1684.8000, -71.285
1685.0000, -77.411
1685.2000, -72.404
1685.4000, -70.747
1685.6000, -75.898
1685.8000, -77.655
1686.0000, -84.595
1686.2000, -73.864
1686.4000, -72.695
1686.6000, -77.650
1686.8000, -77.364
1687.0000,-210.000
1687.2000, -76.862
1687.4000, -71.594
1687.6000, -72.167
1687.8000, -76.184
1688.0000, -80.022
1688.2000,-210.000
1688.4000, -73.959
1688.6000, -69.479
1688.8000, -75.513
1689.0000,-210.000
1689.2000, -87.440
1689.4000, -82.935
1689.6000, -71.563
1689.8000, -80.344
1690.0000,-210.000
1690.2000, -71.655
1690.4000, -70.264
1690.6000, -72.867
1690.8000, -73.476
1691.0000, -71.874
1691.2000, -74.528
1691.4000, -72.584
1691.6000, -74.820
1691.8000,-210.000
1692.0000, -70.381
1692.2000, -76.181
1692.4000, -80.454
1692.6000, -73.499
1692.8000,-210.000
1693.0000, -71.507
1693.2000, -71.403
1693.4000, -74.331
1693.6000, -72.206
1693.8000, -79.240
1694.0000, -69.265
1694.2000, -76.923
1694.4000,-210.000
1694.6000,-210.000
1694.8000,-210.000
1695.0000, -73.681
1695.2000, -70.695
1695.4000, -75.300
1695.6000, -73.166
1695.8000, -75.238
1696.0000, -71.615
1696.2000, -71.517
1696.4000, -71.876
1696.6000,-210.000
1696.8000, -76.329
1697.0000, -73.808
1697.2000, -72.643
1697.4000, -71.521
1697.6000, -69.602
1697.8000,-210.000
1698.0000, -77.696
1698.2000, -76.426
1698.4000, -68.944
1698.6000, -76.143
1698.8000, -70.263
1699.0000, -77.134
1699.2000,-210.000
1699.4000, -70.292
1699.6000,-210.000
1699.8000, -68.251
1700.0000, -68.198
